9.9374e-05,-0.00077021,0.00030049,0.35967,0.35066,0.61182,-0.61102
9.9374e-05,-0.00077021,0.00030049,0.26905,0.26002,0.6555,-0.65599
9.9374e-05,-0.00077021,0.00030049,0.17296,0.16409,0.68583,-0.68761
9.9374e-05,-0.00077021,0.00030049,0.073341,0.064812,0.7022,-0.70522
9.9374e-05,-0.00077021,0.00030049,0.02777,0.035781,-0.70428,0.70848
9.9374e-05,-0.00077021,0.00030049,0.12831,0.13565,-0.69202,0.69732
9.9374e-05,-0.00077021,0.00030049,0.22625,0.23275,-0.66567,0.67196
9.9374e-05,-0.00077021,0.00030049,0.31957,0.32511,-0.62577,0.63292
9.9374e-05,-0.00077021,0.00030049,0.4064,0.41086,-0.57313,0.581
9.9374e-05,-0.00077021,0.00030049,0.48494,0.48824,-0.50882,0.51725
9.9374e-05,-0.00077021,0.00030049,0.55362,0.55569,-0.43416,0.44297
9.9426e-05,-0.00077476,0.00030052,0.55362,0.55569,-0.43416,0.44297
9.9427e-05,-0.00077476,0.00030052,0.48494,0.48824,-0.50882,0.51725
9.9427e-05,-0.00077476,0.00030052,0.4064,0.41086,-0.57313,0.581
9.9427e-05,-0.00077476,0.00030052,0.31957,0.32511,-0.62577,0.63292
9.9427e-05,-0.00077476,0.00030052,0.22625,0.23275,-0.66567,0.67196
9.9427e-05,-0.00077476,0.00030052,0.12831,0.13565,-0.69202,0.69732
9.9427e-05,-0.00077476,0.00030052,0.02777,0.035781,-0.70428,0.70848
9.9427e-05,-0.00077476,0.00030052,0.073341,0.064812,0.7022,-0.70522
9.9427e-05,-0.00077476,0.00030052,0.17296,0.16409,0.68583,-0.68761
9.9427e-05,-0.00077476,0.00030052,0.26905,0.26002,0.6555,-0.65599
9.9427e-05,-0.00077476,0.00030052,0.35967,0.35066,0.61182,-0.61102
9.948e-05,-0.0007793,0.00030054,0.35967,0.35066,0.61182,-0.61102
9.948e-05,-0.0007793,0.00030054,0.26905,0.26002,0.6555,-0.65599
9.948e-05,-0.0007793,0.00030054,0.17296,0.16409,0.68583,-0.68761
9.948e-05,-0.0007793,0.00030054,0.073341,0.064812,0.7022,-0.70522
9.948e-05,-0.0007793,0.00030054,0.02777,0.035781,-0.70428,0.70848
9.948e-05,-0.0007793,0.00030054,0.12831,0.13565,-0.69202,0.69732
9.9479e-05,-0.0007793,0.00030054,0.22625,0.23275,-0.66567,0.67196
9.9479e-05,-0.0007793,0.00030054,0.31957,0.32511,-0.62577,0.63292
9.9479e-05,-0.0007793,0.00030054,0.4064,0.41086,-0.57313,0.581
9.9479e-05,-0.0007793,0.00030054,0.48494,0.48824,-0.50882,0.51725
9.9479e-05,-0.0007793,0.00030054,0.55362,0.55569,-0.43416,0.44297
9.9532e-05,-0.00078385,0.00030057,0.55362,0.55569,-0.43416,0.44297
9.9532e-05,-0.00078385,0.00030057,0.48494,0.48824,-0.50882,0.51725
9.9532e-05,-0.00078385,0.00030057,0.4064,0.41086,-0.57313,0.581
9.9532e-05,-0.00078385,0.00030057,0.31957,0.32511,-0.62577,0.63292
9.9532e-05,-0.00078385,0.00030057,0.22625,0.23275,-0.66567,0.67196
9.9532e-05,-0.00078385,0.00030057,0.12831,0.13565,-0.69202,0.69732
9.9532e-05,-0.00078385,0.00030057,0.02777,0.035781,-0.70428,0.70848
9.9532e-05,-0.00078385,0.00030057,0.073341,0.064812,0.7022,-0.70522
9.9532e-05,-0.00078385,0.00030057,0.17296,0.16409,0.68583,-0.68761
9.9532e-05,-0.00078385,0.00030057,0.26905,0.26002,0.6555,-0.65599
9.9532e-05,-0.00078385,0.00030057,0.35967,0.35066,0.61182,-0.61102
9.9585e-05,-0.00078839,0.00030059,0.35967,0.35066,0.61182,-0.61102
9.9585e-05,-0.00078839,0.00030059,0.26905,0.26002,0.6555,-0.65599
9.9585e-05,-0.00078839,0.00030059,0.17296,0.16409,0.68583,-0.68761
9.9585e-05,-0.00078839,0.00030059,0.073341,0.064812,0.7022,-0.70522
9.9585e-05,-0.00078839,0.00030059,0.02777,0.035781,-0.70428,0.70848
9.9585e-05,-0.00078839,0.00030059,0.12831,0.13565,-0.69202,0.69732
9.9585e-05,-0.00078839,0.00030059,0.22625,0.23275,-0.66567,0.67196
9.9585e-05,-0.00078839,0.00030059,0.31957,0.32511,-0.62577,0.63292
9.9585e-05,-0.00078839,0.00030059,0.4064,0.41086,-0.57313,0.581
9.9585e-05,-0.00078839,0.00030059,0.48494,0.48824,-0.50882,0.51725
9.9584e-05,-0.00078839,0.00030059,0.55362,0.55569,-0.43416,0.44297
9.9637e-05,-0.00079294,0.00030062,0.55362,0.55569,-0.43416,0.44297
9.9637e-05,-0.00079294,0.00030062,0.48494,0.48824,-0.50882,0.51725
9.9637e-05,-0.00079294,0.00030062,0.4064,0.41086,-0.57313,0.581
9.9637e-05,-0.00079294,0.00030062,0.31957,0.32511,-0.62577,0.63292
9.9637e-05,-0.00079294,0.00030062,0.22625,0.23275,-0.66567,0.67196
9.9638e-05,-0.00079294,0.00030062,0.12831,0.13565,-0.69202,0.69732
9.9638e-05,-0.00079294,0.00030062,0.02777,0.035781,-0.70428,0.70848
9.9638e-05,-0.00079294,0.00030062,0.073341,0.064812,0.7022,-0.70522
9.9638e-05,-0.00079294,0.00030062,0.17296,0.16409,0.68583,-0.68761
9.9638e-05,-0.00079294,0.00030062,0.26905,0.26002,0.6555,-0.65599
9.9638e-05,-0.00079294,0.00030062,0.35967,0.35066,0.61182,-0.61102
9.969e-05,-0.00079748,0.00030064,0.35967,0.35066,0.61182,-0.61102
9.969e-05,-0.00079748,0.00030064,0.26905,0.26002,0.6555,-0.65599
9.969e-05,-0.00079748,0.00030064,0.17296,0.16409,0.68583,-0.68761
9.969e-05,-0.00079748,0.00030064,0.073341,0.064812,0.7022,-0.70522
9.969e-05,-0.00079748,0.00030064,0.02777,0.035781,-0.70428,0.70848
9.969e-05,-0.00079748,0.00030064,0.12831,0.13565,-0.69202,0.69732
9.969e-05,-0.00079748,0.00030064,0.22625,0.23275,-0.66567,0.67196
9.969e-05,-0.00079748,0.00030064,0.31957,0.32511,-0.62577,0.63292
9.969e-05,-0.00079748,0.00030064,0.4064,0.41086,-0.57313,0.581
9.969e-05,-0.00079748,0.00030064,0.48494,0.48824,-0.50882,0.51725
9.969e-05,-0.00079748,0.00030064,0.55362,0.55569,-0.43416,0.44297
9.9742e-05,-0.00080203,0.00030067,0.55362,0.55569,-0.43416,0.44297
9.9742e-05,-0.00080203,0.00030067,0.48494,0.48824,-0.50882,0.51725
9.9743e-05,-0.00080203,0.00030067,0.4064,0.41086,-0.57313,0.581
9.9743e-05,-0.00080203,0.00030067,0.31957,0.32511,-0.62577,0.63292
9.9743e-05,-0.00080203,0.00030067,0.22625,0.23275,-0.66567,0.67196
9.9743e-05,-0.00080203,0.00030067,0.12831,0.13565,-0.69202,0.69732
9.9743e-05,-0.00080203,0.00030067,0.02777,0.035781,-0.70428,0.70848
9.9743e-05,-0.00080203,0.00030067,0.073341,0.064812,0.7022,-0.70522
9.9743e-05,-0.00080203,0.00030067,0.17296,0.16409,0.68583,-0.68761
9.9743e-05,-0.00080203,0.00030067,0.26905,0.26002,0.6555,-0.65599
9.9743e-05,-0.00080203,0.00030067,0.35967,0.35066,0.61182,-0.61102
9.9796e-05,-0.00080657,0.00030069,0.35967,0.35066,0.61182,-0.61102
9.9796e-05,-0.00080657,0.00030069,0.26905,0.26002,0.6555,-0.65599
9.9796e-05,-0.00080657,0.00030069,0.17296,0.16409,0.68583,-0.68761
9.9796e-05,-0.00080657,0.00030069,0.073341,0.064812,0.7022,-0.70522
9.9796e-05,-0.00080657,0.00030069,0.02777,0.035781,-0.70428,0.70848
9.9796e-05,-0.00080657,0.00030069,0.12831,0.13565,-0.69202,0.69732
9.9795e-05,-0.00080657,0.00030069,0.22625,0.23275,-0.66567,0.67196
9.9795e-05,-0.00080657,0.00030069,0.31957,0.32511,-0.62577,0.63292
9.9795e-05,-0.00080657,0.00030069,0.4064,0.41086,-0.57313,0.581
9.9795e-05,-0.00080657,0.00030069,0.48494,0.48824,-0.50882,0.51725
9.9795e-05,-0.00080657,0.00030069,0.55362,0.55569,-0.43416,0.44297
9.9848e-05,-0.00081112,0.00030071,0.55362,0.55569,-0.43416,0.44297
9.9848e-05,-0.00081112,0.00030071,0.48494,0.48824,-0.50882,0.51725
9.9848e-05,-0.00081112,0.00030071,0.4064,0.41086,-0.57313,0.581
9.9848e-05,-0.00081112,0.00030071,0.31957,0.32511,-0.62577,0.63292
9.9848e-05,-0.00081112,0.00030071,0.22625,0.23275,-0.66567,0.67196
9.9848e-05,-0.00081112,0.00030071,0.12831,0.13565,-0.69202,0.69732
9.9848e-05,-0.00081112,0.00030071,0.02777,0.035781,-0.70428,0.70848
9.9848e-05,-0.00081112,0.00030071,0.073341,0.064812,0.7022,-0.70522
9.9848e-05,-0.00081112,0.00030071,0.17296,0.16409,0.68583,-0.68761
9.9848e-05,-0.00081112,0.00030071,0.26905,0.26002,0.6555,-0.65599
9.9848e-05,-0.00081112,0.00030071,0.35967,0.35066,0.61182,-0.61102
9.9901e-05,-0.00081566,0.00030074,0.35967,0.35066,0.61182,-0.61102
9.9901e-05,-0.00081566,0.00030074,0.26905,0.26002,0.6555,-0.65599
9.9901e-05,-0.00081566,0.00030074,0.17296,0.16409,0.68583,-0.68761
9.9901e-05,-0.00081566,0.00030074,0.073341,0.064812,0.7022,-0.70522
9.9901e-05,-0.00081566,0.00030074,0.02777,0.035781,-0.70428,0.70848
9.9901e-05,-0.00081566,0.00030074,0.12831,0.13565,-0.69202,0.69732
9.9901e-05,-0.00081566,0.00030074,0.22625,0.23275,-0.66567,0.67196
9.9901e-05,-0.00081566,0.00030074,0.31957,0.32511,-0.62577,0.63292
9.9901e-05,-0.00081566,0.00030074,0.4064,0.41086,-0.57313,0.581
9.99e-05,-0.00081566,0.00030074,0.48494,0.48824,-0.50882,0.51725
9.99e-05,-0.00081566,0.00030074,0.55362,0.55569,-0.43416,0.44297
9.9382e-05,-0.00077022,0.00029908,0.35967,0.35066,0.61182,-0.61102
9.9382e-05,-0.00077022,0.00029908,0.26905,0.26002,0.6555,-0.65599
9.9382e-05,-0.00077022,0.00029908,0.17296,0.16409,0.68583,-0.68761
9.9382e-05,-0.00077022,0.00029908,0.073341,0.064812,0.7022,-0.70522
9.9382e-05,-0.00077022,0.00029908,0.02777,0.035781,-0.70428,0.70848
9.9382e-05,-0.00077022,0.00029908,0.12831,0.13565,-0.69202,0.69732
9.9382e-05,-0.00077022,0.00029908,0.22625,0.23275,-0.66567,0.67196
9.9382e-05,-0.00077022,0.00029908,0.31957,0.32511,-0.62577,0.63292
9.9381e-05,-0.00077022,0.00029908,0.4064,0.41086,-0.57313,0.581
9.9381e-05,-0.00077022,0.00029908,0.48494,0.48824,-0.50882,0.51725
9.9381e-05,-0.00077022,0.00029908,0.55362,0.55569,-0.43416,0.44297
9.9434e-05,-0.00077476,0.0002991,0.55362,0.55569,-0.43416,0.44297
9.9434e-05,-0.00077476,0.0002991,0.48494,0.48824,-0.50882,0.51725
9.9434e-05,-0.00077476,0.0002991,0.4064,0.41086,-0.57313,0.581
9.9434e-05,-0.00077476,0.0002991,0.31957,0.32511,-0.62577,0.63292
9.9434e-05,-0.00077476,0.0002991,0.22625,0.23275,-0.66567,0.67196
9.9434e-05,-0.00077476,0.0002991,0.12831,0.13565,-0.69202,0.69732
9.9434e-05,-0.00077476,0.0002991,0.02777,0.035781,-0.70428,0.70848
9.9435e-05,-0.00077476,0.0002991,0.073341,0.064812,0.7022,-0.70522
9.9435e-05,-0.00077476,0.0002991,0.17296,0.16409,0.68583,-0.68761
9.9435e-05,-0.00077476,0.0002991,0.26905,0.26002,0.6555,-0.65599
9.9435e-05,-0.00077476,0.0002991,0.35967,0.35066,0.61182,-0.61102
9.9487e-05,-0.00077931,0.00029913,0.35967,0.35066,0.61182,-0.61102
9.9487e-05,-0.00077931,0.00029913,0.26905,0.26002,0.6555,-0.65599
9.9487e-05,-0.00077931,0.00029913,0.17296,0.16409,0.68583,-0.68761
9.9487e-05,-0.00077931,0.00029913,0.073341,0.064812,0.7022,-0.70522
9.9487e-05,-0.00077931,0.00029913,0.02777,0.035781,-0.70428,0.70848
9.9487e-05,-0.00077931,0.00029913,0.12831,0.13565,-0.69202,0.69732
9.9487e-05,-0.00077931,0.00029913,0.22625,0.23275,-0.66567,0.67196
9.9487e-05,-0.00077931,0.00029913,0.31957,0.32511,-0.62577,0.63292
9.9487e-05,-0.00077931,0.00029913,0.4064,0.41086,-0.57313,0.581
9.9487e-05,-0.00077931,0.00029913,0.48494,0.48824,-0.50882,0.51725
9.9487e-05,-0.00077931,0.00029913,0.55362,0.55569,-0.43416,0.44297
9.9539e-05,-0.00078385,0.00029915,0.55362,0.55569,-0.43416,0.44297
9.9539e-05,-0.00078385,0.00029915,0.48494,0.48824,-0.50882,0.51725
9.9539e-05,-0.00078385,0.00029915,0.4064,0.41086,-0.57313,0.581
9.954e-05,-0.00078385,0.00029915,0.31957,0.32511,-0.62577,0.63292
9.954e-05,-0.00078385,0.00029915,0.22625,0.23275,-0.66567,0.67196
9.954e-05,-0.00078385,0.00029915,0.12831,0.13565,-0.69202,0.69732
9.954e-05,-0.00078385,0.00029915,0.02777,0.035781,-0.70428,0.70848
9.954e-05,-0.00078385,0.00029915,0.073341,0.064812,0.7022,-0.70522
9.954e-05,-0.00078385,0.00029915,0.17296,0.16409,0.68583,-0.68761
9.954e-05,-0.00078385,0.00029915,0.26905,0.26002,0.6555,-0.65599
9.954e-05,-0.00078385,0.00029915,0.35967,0.35066,0.61182,-0.61102
9.9593e-05,-0.0007884,0.00029918,0.35967,0.35066,0.61182,-0.61102
9.9593e-05,-0.0007884,0.00029918,0.26905,0.26002,0.6555,-0.65599
9.9593e-05,-0.0007884,0.00029918,0.17296,0.16409,0.68583,-0.68761
9.9593e-05,-0.0007884,0.00029918,0.073341,0.064812,0.7022,-0.70522
9.9592e-05,-0.0007884,0.00029918,0.02777,0.035781,-0.70428,0.70848
9.9592e-05,-0.0007884,0.00029918,0.12831,0.13565,-0.69202,0.69732
9.9592e-05,-0.0007884,0.00029918,0.22625,0.23275,-0.66567,0.67196
9.9592e-05,-0.0007884,0.00029918,0.31957,0.32511,-0.62577,0.63292
9.9592e-05,-0.0007884,0.00029918,0.4064,0.41086,-0.57313,0.581
9.9592e-05,-0.0007884,0.00029918,0.48494,0.48824,-0.50882,0.51725
9.9592e-05,-0.0007884,0.00029918,0.55362,0.55569,-0.43416,0.44297
9.9645e-05,-0.00079294,0.0002992,0.55362,0.55569,-0.43416,0.44297
9.9645e-05,-0.00079294,0.0002992,0.48494,0.48824,-0.50882,0.51725
9.9645e-05,-0.00079294,0.0002992,0.4064,0.41086,-0.57313,0.581
9.9645e-05,-0.00079294,0.0002992,0.31957,0.32511,-0.62577,0.63292
9.9645e-05,-0.00079294,0.0002992,0.22625,0.23275,-0.66567,0.67196
9.9645e-05,-0.00079294,0.0002992,0.12831,0.13565,-0.69202,0.69732
9.9645e-05,-0.00079294,0.0002992,0.02777,0.035781,-0.70428,0.70848
9.9645e-05,-0.00079294,0.0002992,0.073341,0.064812,0.7022,-0.70522
9.9645e-05,-0.00079294,0.0002992,0.17296,0.16409,0.68583,-0.68761
9.9645e-05,-0.00079294,0.0002992,0.26905,0.26002,0.6555,-0.65599
9.9645e-05,-0.00079294,0.0002992,0.35967,0.35066,0.61182,-0.61102
9.9698e-05,-0.00079749,0.00029923,0.35967,0.35066,0.61182,-0.61102
9.9698e-05,-0.00079749,0.00029923,0.26905,0.26002,0.6555,-0.65599
9.9698e-05,-0.00079749,0.00029923,0.17296,0.16409,0.68583,-0.68761
9.9698e-05,-0.00079749,0.00029923,0.073341,0.064812,0.7022,-0.70522
9.9698e-05,-0.00079749,0.00029923,0.02777,0.035781,-0.70428,0.70848
9.9698e-05,-0.00079749,0.00029923,0.12831,0.13565,-0.69202,0.69732
9.9698e-05,-0.00079749,0.00029923,0.22625,0.23275,-0.66567,0.67196
9.9698e-05,-0.00079749,0.00029923,0.31957,0.32511,-0.62577,0.63292
9.9697e-05,-0.00079749,0.00029923,0.4064,0.41086,-0.57313,0.581
9.9697e-05,-0.00079749,0.00029923,0.48494,0.48824,-0.50882,0.51725
9.9697e-05,-0.00079749,0.00029923,0.55362,0.55569,-0.43416,0.44297
9.975e-05,-0.00080203,0.00029925,0.55362,0.55569,-0.43416,0.44297
9.975e-05,-0.00080203,0.00029925,0.48494,0.48824,-0.50882,0.51725
9.975e-05,-0.00080203,0.00029925,0.4064,0.41086,-0.57313,0.581
9.975e-05,-0.00080203,0.00029925,0.31957,0.32511,-0.62577,0.63292
9.975e-05,-0.00080203,0.00029925,0.22625,0.23275,-0.66567,0.67196
9.975e-05,-0.00080203,0.00029925,0.12831,0.13565,-0.69202,0.69732
9.975e-05,-0.00080203,0.00029925,0.02777,0.035781,-0.70428,0.70848
9.9751e-05,-0.00080203,0.00029925,0.073341,0.064812,0.7022,-0.70522
9.9751e-05,-0.00080203,0.00029925,0.17296,0.16409,0.68583,-0.68761
9.9751e-05,-0.00080203,0.00029925,0.26905,0.26002,0.6555,-0.65599
9.9751e-05,-0.00080203,0.00029925,0.35967,0.35066,0.61182,-0.61102
9.9803e-05,-0.00080658,0.00029928,0.35967,0.35066,0.61182,-0.61102
9.9803e-05,-0.00080658,0.00029928,0.26905,0.26002,0.6555,-0.65599
9.9803e-05,-0.00080658,0.00029928,0.17296,0.16409,0.68583,-0.68761
9.9803e-05,-0.00080658,0.00029928,0.073341,0.064812,0.7022,-0.70522
9.9803e-05,-0.00080658,0.00029928,0.02777,0.035781,-0.70428,0.70848
9.9803e-05,-0.00080658,0.00029928,0.12831,0.13565,-0.69202,0.69732
9.9803e-05,-0.00080658,0.00029928,0.22625,0.23275,-0.66567,0.67196
9.9803e-05,-0.00080658,0.00029928,0.31957,0.32511,-0.62577,0.63292
9.9803e-05,-0.00080658,0.00029928,0.4064,0.41086,-0.57313,0.581
9.9803e-05,-0.00080658,0.00029928,0.48494,0.48824,-0.50882,0.51725
9.9803e-05,-0.00080658,0.00029928,0.55362,0.55569,-0.43416,0.44297
9.9855e-05,-0.00081112,0.0002993,0.55362,0.55569,-0.43416,0.44297
9.9855e-05,-0.00081112,0.0002993,0.48494,0.48824,-0.50882,0.51725
9.9855e-05,-0.00081112,0.0002993,0.4064,0.41086,-0.57313,0.581
9.9856e-05,-0.00081112,0.0002993,0.31957,0.32511,-0.62577,0.63292
9.9856e-05,-0.00081112,0.0002993,0.22625,0.23275,-0.66567,0.67196
9.9856e-05,-0.00081112,0.0002993,0.12831,0.13565,-0.69202,0.69732
9.9856e-05,-0.00081112,0.0002993,0.02777,0.035781,-0.70428,0.70848
9.9856e-05,-0.00081112,0.0002993,0.073341,0.064812,0.7022,-0.70522
9.9856e-05,-0.00081112,0.0002993,0.17296,0.16409,0.68583,-0.68761
9.9856e-05,-0.00081112,0.0002993,0.26905,0.26002,0.6555,-0.65599
9.9856e-05,-0.00081112,0.0002993,0.35967,0.35066,0.61182,-0.61102
9.9909e-05,-0.00081567,0.00029933,0.35967,0.35066,0.61182,-0.61102
9.9909e-05,-0.00081567,0.00029933,0.26905,0.26002,0.6555,-0.65599
9.9909e-05,-0.00081567,0.00029933,0.17296,0.16409,0.68583,-0.68761
9.9908e-05,-0.00081567,0.00029933,0.073341,0.064812,0.7022,-0.70522
9.9908e-05,-0.00081567,0.00029933,0.02777,0.035781,-0.70428,0.70848
9.9908e-05,-0.00081567,0.00029932,0.12831,0.13565,-0.69202,0.69732
9.9908e-05,-0.00081567,0.00029932,0.22625,0.23275,-0.66567,0.67196
9.9908e-05,-0.00081567,0.00029932,0.31957,0.32511,-0.62577,0.63292
9.9908e-05,-0.00081567,0.00029932,0.4064,0.41086,-0.57313,0.581
9.9908e-05,-0.00081567,0.00029932,0.48494,0.48824,-0.50882,0.51725
9.9908e-05,-0.00081567,0.00029933,0.55362,0.55569,-0.43416,0.44297
9.9389e-05,-0.00077023,0.00029766,0.35967,0.35066,0.61182,-0.61102
9.9389e-05,-0.00077023,0.00029766,0.26905,0.26002,0.6555,-0.65599
9.9389e-05,-0.00077023,0.00029766,0.17296,0.16409,0.68583,-0.68761
9.9389e-05,-0.00077023,0.00029766,0.073341,0.064812,0.7022,-0.70522
9.9389e-05,-0.00077023,0.00029766,0.02777,0.035781,-0.70428,0.70848
9.9389e-05,-0.00077023,0.00029766,0.12831,0.13565,-0.69202,0.69732
9.9389e-05,-0.00077023,0.00029766,0.22625,0.23275,-0.66567,0.67196
9.9389e-05,-0.00077023,0.00029766,0.31957,0.32511,-0.62577,0.63292
9.9389e-05,-0.00077023,0.00029766,0.4064,0.41086,-0.57313,0.581
9.9389e-05,-0.00077023,0.00029766,0.48494,0.48824,-0.50882,0.51725
9.9389e-05,-0.00077023,0.00029766,0.55362,0.55569,-0.43416,0.44297
9.9442e-05,-0.00077477,0.00029769,0.55362,0.55569,-0.43416,0.44297
9.9442e-05,-0.00077477,0.00029769,0.48494,0.48824,-0.50882,0.51725
9.9442e-05,-0.00077477,0.00029769,0.4064,0.41086,-0.57313,0.581
9.9442e-05,-0.00077477,0.00029769,0.31957,0.32511,-0.62577,0.63292
9.9442e-05,-0.00077477,0.00029769,0.22625,0.23275,-0.66567,0.67196
9.9442e-05,-0.00077477,0.00029769,0.12831,0.13565,-0.69202,0.69732
9.9442e-05,-0.00077477,0.00029769,0.02777,0.035781,-0.70428,0.70848
9.9442e-05,-0.00077477,0.00029769,0.073341,0.064812,0.7022,-0.70522
9.9442e-05,-0.00077477,0.00029769,0.17296,0.16409,0.68583,-0.68761
9.9442e-05,-0.00077477,0.00029769,0.26905,0.26002,0.6555,-0.65599
9.9442e-05,-0.00077477,0.00029769,0.35967,0.35066,0.61182,-0.61102
9.9495e-05,-0.00077932,0.00029771,0.35967,0.35066,0.61182,-0.61102
9.9495e-05,-0.00077932,0.00029771,0.26905,0.26002,0.6555,-0.65599
9.9495e-05,-0.00077932,0.00029771,0.17296,0.16409,0.68583,-0.68761
9.9495e-05,-0.00077932,0.00029771,0.073341,0.064812,0.7022,-0.70522
9.9495e-05,-0.00077932,0.00029771,0.02777,0.035781,-0.70428,0.70848
9.9495e-05,-0.00077932,0.00029771,0.12831,0.13565,-0.69202,0.69732
9.9495e-05,-0.00077932,0.00029771,0.22625,0.23275,-0.66567,0.67196
9.9494e-05,-0.00077932,0.00029771,0.31957,0.32511,-0.62577,0.63292
9.9494e-05,-0.00077932,0.00029771,0.4064,0.41086,-0.57313,0.581
9.9494e-05,-0.00077932,0.00029771,0.48494,0.48824,-0.50882,0.51725
9.9494e-05,-0.00077932,0.00029771,0.55362,0.55569,-0.43416,0.44297
9.9547e-05,-0.00078386,0.00029774,0.55362,0.55569,-0.43416,0.44297
9.9547e-05,-0.00078386,0.00029774,0.48494,0.48824,-0.50882,0.51725
9.9547e-05,-0.00078386,0.00029774,0.4064,0.41086,-0.57313,0.581
9.9547e-05,-0.00078386,0.00029774,0.31957,0.32511,-0.62577,0.63292
9.9547e-05,-0.00078386,0.00029774,0.22625,0.23275,-0.66567,0.67196
9.9547e-05,-0.00078386,0.00029774,0.12831,0.13565,-0.69202,0.69732
9.9547e-05,-0.00078386,0.00029774,0.02777,0.035781,-0.70428,0.70848
9.9547e-05,-0.00078386,0.00029774,0.073341,0.064812,0.7022,-0.70522
9.9547e-05,-0.00078386,0.00029774,0.17296,0.16409,0.68583,-0.68761
9.9547e-05,-0.00078386,0.00029774,0.26905,0.26002,0.6555,-0.65599
9.9547e-05,-0.00078386,0.00029774,0.35967,0.35066,0.61182,-0.61102
9.96e-05,-0.00078841,0.00029776,0.35967,0.35066,0.61182,-0.61102
9.96e-05,-0.00078841,0.00029776,0.26905,0.26002,0.6555,-0.65599
9.96e-05,-0.00078841,0.00029776,0.17296,0.16409,0.68583,-0.68761
9.96e-05,-0.00078841,0.00029776,0.073341,0.064812,0.7022,-0.70522
9.96e-05,-0.00078841,0.00029776,0.02777,0.035781,-0.70428,0.70848
9.96e-05,-0.00078841,0.00029776,0.12831,0.13565,-0.69202,0.69732
9.96e-05,-0.00078841,0.00029776,0.22625,0.23275,-0.66567,0.67196
9.96e-05,-0.00078841,0.00029776,0.31957,0.32511,-0.62577,0.63292
9.96e-05,-0.00078841,0.00029776,0.4064,0.41086,-0.57313,0.581
9.96e-05,-0.00078841,0.00029776,0.48494,0.48824,-0.50882,0.51725
9.96e-05,-0.00078841,0.00029776,0.55362,0.55569,-0.43416,0.44297
9.9652e-05,-0.00079295,0.00029779,0.55362,0.55569,-0.43416,0.44297
9.9652e-05,-0.00079295,0.00029779,0.48494,0.48824,-0.50882,0.51725
9.9652e-05,-0.00079295,0.00029779,0.4064,0.41086,-0.57313,0.581
9.9652e-05,-0.00079295,0.00029779,0.31957,0.32511,-0.62577,0.63292
9.9653e-05,-0.00079295,0.00029779,0.22625,0.23275,-0.66567,0.67196
9.9653e-05,-0.00079295,0.00029779,0.12831,0.13565,-0.69202,0.69732
9.9653e-05,-0.00079295,0.00029779,0.02777,0.035781,-0.70428,0.70848
9.9653e-05,-0.00079295,0.00029779,0.073341,0.064812,0.7022,-0.70522
9.9653e-05,-0.00079295,0.00029779,0.17296,0.16409,0.68583,-0.68761
9.9653e-05,-0.00079295,0.00029779,0.26905,0.26002,0.6555,-0.65599
9.9653e-05,-0.00079295,0.00029779,0.35967,0.35066,0.61182,-0.61102
9.9705e-05,-0.0007975,0.00029781,0.35967,0.35066,0.61182,-0.61102
9.9705e-05,-0.0007975,0.00029781,0.26905,0.26002,0.6555,-0.65599
9.9705e-05,-0.0007975,0.00029781,0.17296,0.16409,0.68583,-0.68761
9.9705e-05,-0.0007975,0.00029781,0.073341,0.064812,0.7022,-0.70522
9.9705e-05,-0.0007975,0.00029781,0.02777,0.035781,-0.70428,0.70848
9.9705e-05,-0.0007975,0.00029781,0.12831,0.13565,-0.69202,0.69732
9.9705e-05,-0.0007975,0.00029781,0.22625,0.23275,-0.66567,0.67196
9.9705e-05,-0.0007975,0.00029781,0.31957,0.32511,-0.62577,0.63292
9.9705e-05,-0.0007975,0.00029781,0.4064,0.41086,-0.57313,0.581
9.9705e-05,-0.0007975,0.00029781,0.48494,0.48824,-0.50882,0.51725
9.9705e-05,-0.0007975,0.00029781,0.55362,0.55569,-0.43416,0.44297
9.9757e-05,-0.00080204,0.00029784,0.55362,0.55569,-0.43416,0.44297
9.9758e-05,-0.00080204,0.00029784,0.48494,0.48824,-0.50882,0.51725
9.9758e-05,-0.00080204,0.00029784,0.4064,0.41086,-0.57313,0.581
9.9758e-05,-0.00080204,0.00029784,0.31957,0.32511,-0.62577,0.63292
9.9758e-05,-0.00080204,0.00029784,0.22625,0.23275,-0.66567,0.67196
9.9758e-05,-0.00080204,0.00029784,0.12831,0.13565,-0.69202,0.69732
9.9758e-05,-0.00080204,0.00029784,0.02777,0.035781,-0.70428,0.70848
9.9758e-05,-0.00080204,0.00029784,0.073341,0.064812,0.7022,-0.70522
9.9758e-05,-0.00080204,0.00029784,0.17296,0.16409,0.68583,-0.68761
9.9758e-05,-0.00080204,0.00029784,0.26905,0.26002,0.6555,-0.65599
9.9758e-05,-0.00080204,0.00029784,0.35967,0.35066,0.61182,-0.61102
9.9811e-05,-0.00080659,0.00029786,0.35967,0.35066,0.61182,-0.61102
9.9811e-05,-0.00080659,0.00029786,0.26905,0.26002,0.6555,-0.65599
9.9811e-05,-0.00080659,0.00029786,0.17296,0.16409,0.68583,-0.68761
9.9811e-05,-0.00080659,0.00029786,0.073341,0.064812,0.7022,-0.70522
9.9811e-05,-0.00080659,0.00029786,0.02777,0.035781,-0.70428,0.70848
9.9811e-05,-0.00080659,0.00029786,0.12831,0.13565,-0.69202,0.69732
9.981e-05,-0.00080659,0.00029786,0.22625,0.23275,-0.66567,0.67196
9.981e-05,-0.00080659,0.00029786,0.31957,0.32511,-0.62577,0.63292
9.981e-05,-0.00080659,0.00029786,0.4064,0.41086,-0.57313,0.581
9.981e-05,-0.00080659,0.00029786,0.48494,0.48824,-0.50882,0.51725
9.981e-05,-0.00080659,0.00029786,0.55362,0.55569,-0.43416,0.44297
9.9863e-05,-0.00081113,0.00029789,0.55362,0.55569,-0.43416,0.44297
9.9863e-05,-0.00081113,0.00029789,0.48494,0.48824,-0.50882,0.51725
9.9863e-05,-0.00081113,0.00029789,0.4064,0.41086,-0.57313,0.581
9.9863e-05,-0.00081113,0.00029789,0.31957,0.32511,-0.62577,0.63292
9.9863e-05,-0.00081113,0.00029789,0.22625,0.23275,-0.66567,0.67196
9.9863e-05,-0.00081113,0.00029789,0.12831,0.13565,-0.69202,0.69732
9.9863e-05,-0.00081113,0.00029789,0.02777,0.035781,-0.70428,0.70848
9.9863e-05,-0.00081113,0.00029789,0.073341,0.064812,0.7022,-0.70522
9.9863e-05,-0.00081113,0.00029789,0.17296,0.16409,0.68583,-0.68761
9.9863e-05,-0.00081113,0.00029789,0.26905,0.26002,0.6555,-0.65599
9.9863e-05,-0.00081113,0.00029789,0.35967,0.35066,0.61182,-0.61102
9.9916e-05,-0.00081568,0.00029791,0.35967,0.35066,0.61182,-0.61102
9.9916e-05,-0.00081568,0.00029791,0.26905,0.26002,0.6555,-0.65599
9.9916e-05,-0.00081568,0.00029791,0.17296,0.16409,0.68583,-0.68761
9.9916e-05,-0.00081568,0.00029791,0.073341,0.064812,0.7022,-0.70522
9.9916e-05,-0.00081568,0.00029791,0.02777,0.035781,-0.70428,0.70848
9.9916e-05,-0.00081568,0.00029791,0.12831,0.13565,-0.69202,0.69732
9.9916e-05,-0.00081568,0.00029791,0.22625,0.23275,-0.66567,0.67196
9.9916e-05,-0.00081568,0.00029791,0.31957,0.32511,-0.62577,0.63292
9.9916e-05,-0.00081568,0.00029791,0.4064,0.41086,-0.57313,0.581
9.9916e-05,-0.00081568,0.00029791,0.48494,0.48824,-0.50882,0.51725
9.9915e-05,-0.00081568,0.00029791,0.55362,0.55569,-0.43416,0.44297
9.9397e-05,-0.00077023,0.00029625,0.35967,0.35066,0.61182,-0.61102
9.9397e-05,-0.00077023,0.00029625,0.26905,0.26002,0.6555,-0.65599
9.9397e-05,-0.00077023,0.00029625,0.17296,0.16409,0.68583,-0.68761
9.9397e-05,-0.00077023,0.00029625,0.073341,0.064812,0.7022,-0.70522
9.9397e-05,-0.00077023,0.00029625,0.02777,0.035781,-0.70428,0.70848
9.9397e-05,-0.00077023,0.00029625,0.12831,0.13565,-0.69202,0.69732
9.9397e-05,-0.00077023,0.00029625,0.22625,0.23275,-0.66567,0.67196
9.9397e-05,-0.00077023,0.00029625,0.31957,0.32511,-0.62577,0.63292
9.9397e-05,-0.00077023,0.00029625,0.4064,0.41086,-0.57313,0.581
9.9396e-05,-0.00077023,0.00029625,0.48494,0.48824,-0.50882,0.51725
9.9396e-05,-0.00077023,0.00029625,0.55362,0.55569,-0.43416,0.44297
9.9449e-05,-0.00077478,0.00029627,0.55362,0.55569,-0.43416,0.44297
9.9449e-05,-0.00077478,0.00029627,0.48494,0.48824,-0.50882,0.51725
9.9449e-05,-0.00077478,0.00029627,0.4064,0.41086,-0.57313,0.581
9.9449e-05,-0.00077478,0.00029627,0.31957,0.32511,-0.62577,0.63292
9.9449e-05,-0.00077478,0.00029627,0.22625,0.23275,-0.66567,0.67196
9.945e-05,-0.00077478,0.00029627,0.12831,0.13565,-0.69202,0.69732
9.945e-05,-0.00077478,0.00029627,0.02777,0.035781,-0.70428,0.70848
9.945e-05,-0.00077478,0.00029627,0.073341,0.064812,0.7022,-0.70522
9.945e-05,-0.00077478,0.00029627,0.17296,0.16409,0.68583,-0.68761
9.945e-05,-0.00077478,0.00029627,0.26905,0.26002,0.6555,-0.65599
9.945e-05,-0.00077478,0.00029627,0.35967,0.35066,0.61182,-0.61102
9.9502e-05,-0.00077932,0.0002963,0.35967,0.35066,0.61182,-0.61102
9.9502e-05,-0.00077932,0.0002963,0.26905,0.26002,0.6555,-0.65599
9.9502e-05,-0.00077932,0.0002963,0.17296,0.16409,0.68583,-0.68761
9.9502e-05,-0.00077932,0.0002963,0.073341,0.064812,0.7022,-0.70522
9.9502e-05,-0.00077932,0.0002963,0.02777,0.035781,-0.70428,0.70848
9.9502e-05,-0.00077932,0.0002963,0.12831,0.13565,-0.69202,0.69732
9.9502e-05,-0.00077932,0.0002963,0.22625,0.23275,-0.66567,0.67196
9.9502e-05,-0.00077932,0.0002963,0.31957,0.32511,-0.62577,0.63292
9.9502e-05,-0.00077932,0.0002963,0.4064,0.41086,-0.57313,0.581
9.9502e-05,-0.00077932,0.0002963,0.48494,0.48824,-0.50882,0.51725
9.9502e-05,-0.00077932,0.0002963,0.55362,0.55569,-0.43416,0.44297
9.9554e-05,-0.00078387,0.00029632,0.55362,0.55569,-0.43416,0.44297
9.9554e-05,-0.00078387,0.00029632,0.48494,0.48824,-0.50882,0.51725
9.9555e-05,-0.00078387,0.00029632,0.4064,0.41086,-0.57313,0.581
9.9555e-05,-0.00078387,0.00029632,0.31957,0.32511,-0.62577,0.63292
9.9555e-05,-0.00078387,0.00029632,0.22625,0.23275,-0.66567,0.67196
9.9555e-05,-0.00078387,0.00029632,0.12831,0.13565,-0.69202,0.69732
9.9555e-05,-0.00078387,0.00029632,0.02777,0.035781,-0.70428,0.70848
9.9555e-05,-0.00078387,0.00029632,0.073341,0.064812,0.7022,-0.70522
9.9555e-05,-0.00078387,0.00029632,0.17296,0.16409,0.68583,-0.68761
9.9555e-05,-0.00078387,0.00029632,0.26905,0.26002,0.6555,-0.65599
9.9555e-05,-0.00078387,0.00029632,0.35967,0.35066,0.61182,-0.61102
9.9608e-05,-0.00078841,0.00029635,0.35967,0.35066,0.61182,-0.61102
9.9608e-05,-0.00078841,0.00029635,0.26905,0.26002,0.6555,-0.65599
9.9608e-05,-0.00078841,0.00029635,0.17296,0.16409,0.68583,-0.68761
9.9608e-05,-0.00078841,0.00029635,0.073341,0.064812,0.7022,-0.70522
9.9608e-05,-0.00078841,0.00029635,0.02777,0.035781,-0.70428,0.70848
9.9607e-05,-0.00078841,0.00029635,0.12831,0.13565,-0.69202,0.69732
9.9607e-05,-0.00078841,0.00029635,0.22625,0.23275,-0.66567,0.67196
9.9607e-05,-0.00078841,0.00029635,0.31957,0.32511,-0.62577,0.63292
9.9607e-05,-0.00078841,0.00029635,0.4064,0.41086,-0.57313,0.581
9.9607e-05,-0.00078841,0.00029635,0.48494,0.48824,-0.50882,0.51725
9.9607e-05,-0.00078841,0.00029635,0.55362,0.55569,-0.43416,0.44297
9.966e-05,-0.00079296,0.00029637,0.55362,0.55569,-0.43416,0.44297
9.966e-05,-0.00079296,0.00029637,0.48494,0.48824,-0.50882,0.51725
9.966e-05,-0.00079296,0.00029637,0.4064,0.41086,-0.57313,0.581
9.966e-05,-0.00079296,0.00029637,0.31957,0.32511,-0.62577,0.63292
9.966e-05,-0.00079296,0.00029637,0.22625,0.23275,-0.66567,0.67196
9.966e-05,-0.00079296,0.00029637,0.12831,0.13565,-0.69202,0.69732
9.966e-05,-0.00079296,0.00029637,0.02777,0.035781,-0.70428,0.70848
9.966e-05,-0.00079296,0.00029637,0.073341,0.064812,0.7022,-0.70522
9.966e-05,-0.00079296,0.00029637,0.17296,0.16409,0.68583,-0.68761
9.966e-05,-0.00079296,0.00029637,0.26905,0.26002,0.6555,-0.65599
9.966e-05,-0.00079296,0.00029637,0.35967,0.35066,0.61182,-0.61102
9.9713e-05,-0.0007975,0.0002964,0.35967,0.35066,0.61182,-0.61102
9.9713e-05,-0.0007975,0.0002964,0.26905,0.26002,0.6555,-0.65599
9.9713e-05,-0.0007975,0.0002964,0.17296,0.16409,0.68583,-0.68761
9.9713e-05,-0.0007975,0.0002964,0.073341,0.064812,0.7022,-0.70522
9.9713e-05,-0.0007975,0.0002964,0.02777,0.035781,-0.70428,0.70848
9.9713e-05,-0.0007975,0.0002964,0.12831,0.13565,-0.69202,0.69732
9.9713e-05,-0.0007975,0.0002964,0.22625,0.23275,-0.66567,0.67196
9.9713e-05,-0.0007975,0.0002964,0.31957,0.32511,-0.62577,0.63292
9.9713e-05,-0.0007975,0.0002964,0.4064,0.41086,-0.57313,0.581
9.9712e-05,-0.0007975,0.0002964,0.48494,0.48824,-0.50882,0.51725
9.9712e-05,-0.0007975,0.0002964,0.55362,0.55569,-0.43416,0.44297
9.9765e-05,-0.00080205,0.00029642,0.55362,0.55569,-0.43416,0.44297
9.9765e-05,-0.00080205,0.00029642,0.48494,0.48824,-0.50882,0.51725
9.9765e-05,-0.00080205,0.00029642,0.4064,0.41086,-0.57313,0.581
9.9765e-05,-0.00080205,0.00029642,0.31957,0.32511,-0.62577,0.63292
9.9765e-05,-0.00080205,0.00029642,0.22625,0.23275,-0.66567,0.67196
9.9765e-05,-0.00080205,0.00029642,0.12831,0.13565,-0.69202,0.69732
9.9766e-05,-0.00080205,0.00029642,0.02777,0.035781,-0.70428,0.70848
9.9766e-05,-0.00080205,0.00029642,0.073341,0.064812,0.7022,-0.70522
9.9766e-05,-0.00080205,0.00029642,0.17296,0.16409,0.68583,-0.68761
9.9766e-05,-0.00080205,0.00029642,0.26905,0.26002,0.6555,-0.65599
9.9766e-05,-0.00080205,0.00029642,0.35967,0.35066,0.61182,-0.61102
9.9818e-05,-0.00080659,0.00029645,0.35967,0.35066,0.61182,-0.61102
9.9818e-05,-0.00080659,0.00029645,0.26905,0.26002,0.6555,-0.65599
9.9818e-05,-0.00080659,0.00029645,0.17296,0.16409,0.68583,-0.68761
9.9818e-05,-0.00080659,0.00029645,0.073341,0.064812,0.7022,-0.70522
9.9818e-05,-0.00080659,0.00029645,0.02777,0.035781,-0.70428,0.70848
9.9818e-05,-0.00080659,0.00029645,0.12831,0.13565,-0.69202,0.69732
9.9818e-05,-0.00080659,0.00029645,0.22625,0.23275,-0.66567,0.67196
9.9818e-05,-0.00080659,0.00029645,0.31957,0.32511,-0.62577,0.63292
9.9818e-05,-0.00080659,0.00029645,0.4064,0.41086,-0.57313,0.581
9.9818e-05,-0.00080659,0.00029645,0.48494,0.48824,-0.50882,0.51725
9.9818e-05,-0.00080659,0.00029645,0.55362,0.55569,-0.43416,0.44297
9.987e-05,-0.00081114,0.00029647,0.55362,0.55569,-0.43416,0.44297
9.987e-05,-0.00081114,0.00029647,0.48494,0.48824,-0.50882,0.51725
9.9871e-05,-0.00081114,0.00029647,0.4064,0.41086,-0.57313,0.581
9.9871e-05,-0.00081114,0.00029647,0.31957,0.32511,-0.62577,0.63292
9.9871e-05,-0.00081114,0.00029647,0.22625,0.23275,-0.66567,0.67196
9.9871e-05,-0.00081114,0.00029647,0.12831,0.13565,-0.69202,0.69732
9.9871e-05,-0.00081114,0.00029647,0.02777,0.035781,-0.70428,0.70848
9.9871e-05,-0.00081114,0.00029647,0.073341,0.064812,0.7022,-0.70522
9.9871e-05,-0.00081114,0.00029647,0.17296,0.16409,0.68583,-0.68761
9.9871e-05,-0.00081114,0.00029647,0.26905,0.26002,0.6555,-0.65599
9.9871e-05,-0.00081114,0.00029647,0.35967,0.35066,0.61182,-0.61102
9.9924e-05,-0.00081568,0.0002965,0.35967,0.35066,0.61182,-0.61102
9.9924e-05,-0.00081568,0.0002965,0.26905,0.26002,0.6555,-0.65599
9.9924e-05,-0.00081568,0.0002965,0.17296,0.16409,0.68583,-0.68761
9.9924e-05,-0.00081568,0.0002965,0.073341,0.064812,0.7022,-0.70522
9.9924e-05,-0.00081568,0.0002965,0.02777,0.035781,-0.70428,0.70848
9.9923e-05,-0.00081568,0.0002965,0.12831,0.13565,-0.69202,0.69732
9.9923e-05,-0.00081568,0.0002965,0.22625,0.23275,-0.66567,0.67196
9.9923e-05,-0.00081568,0.0002965,0.31957,0.32511,-0.62577,0.63292
9.9923e-05,-0.00081568,0.0002965,0.4064,0.41086,-0.57313,0.581
9.9923e-05,-0.00081568,0.0002965,0.48494,0.48824,-0.50882,0.51725
9.9923e-05,-0.00081568,0.0002965,0.55362,0.55569,-0.43416,0.44297
9.9405e-05,-0.00077024,0.00029484,0.35967,0.35066,0.61182,-0.61102
9.9405e-05,-0.00077024,0.00029484,0.26905,0.26002,0.6555,-0.65599
9.9405e-05,-0.00077024,0.00029484,0.17296,0.16409,0.68583,-0.68761
9.9405e-05,-0.00077024,0.00029484,0.073341,0.064812,0.7022,-0.70522
9.9404e-05,-0.00077024,0.00029484,0.02777,0.035781,-0.70428,0.70848
9.9404e-05,-0.00077024,0.00029484,0.12831,0.13565,-0.69202,0.69732
9.9404e-05,-0.00077024,0.00029484,0.22625,0.23275,-0.66567,0.67196
9.9404e-05,-0.00077024,0.00029484,0.31957,0.32511,-0.62577,0.63292
9.9404e-05,-0.00077024,0.00029484,0.4064,0.41086,-0.57313,0.581
9.9404e-05,-0.00077024,0.00029484,0.48494,0.48824,-0.50882,0.51725
9.9404e-05,-0.00077024,0.00029484,0.55362,0.55569,-0.43416,0.44297
9.9457e-05,-0.00077479,0.00029486,0.55362,0.55569,-0.43416,0.44297
9.9457e-05,-0.00077479,0.00029486,0.48494,0.48824,-0.50882,0.51725
9.9457e-05,-0.00077479,0.00029486,0.4064,0.41086,-0.57313,0.581
9.9457e-05,-0.00077479,0.00029486,0.31957,0.32511,-0.62577,0.63292
9.9457e-05,-0.00077479,0.00029486,0.22625,0.23275,-0.66567,0.67196
9.9457e-05,-0.00077479,0.00029486,0.12831,0.13565,-0.69202,0.69732
9.9457e-05,-0.00077479,0.00029486,0.02777,0.035781,-0.70428,0.70848
9.9457e-05,-0.00077479,0.00029486,0.073341,0.064812,0.7022,-0.70522
9.9457e-05,-0.00077479,0.00029486,0.17296,0.16409,0.68583,-0.68761
9.9457e-05,-0.00077479,0.00029486,0.26905,0.26002,0.6555,-0.65599
9.9457e-05,-0.00077479,0.00029486,0.35967,0.35066,0.61182,-0.61102
9.951e-05,-0.00077933,0.00029489,0.35967,0.35066,0.61182,-0.61102
9.951e-05,-0.00077933,0.00029489,0.26905,0.26002,0.6555,-0.65599
9.951e-05,-0.00077933,0.00029489,0.17296,0.16409,0.68583,-0.68761
9.951e-05,-0.00077933,0.00029489,0.073341,0.064812,0.7022,-0.70522
9.951e-05,-0.00077933,0.00029489,0.02777,0.035781,-0.70428,0.70848
9.951e-05,-0.00077933,0.00029488,0.12831,0.13565,-0.69202,0.69732
9.951e-05,-0.00077933,0.00029488,0.22625,0.23275,-0.66567,0.67196
9.951e-05,-0.00077933,0.00029488,0.31957,0.32511,-0.62577,0.63292
9.9509e-05,-0.00077933,0.00029488,0.4064,0.41086,-0.57313,0.581
9.9509e-05,-0.00077933,0.00029489,0.48494,0.48824,-0.50882,0.51725
9.9509e-05,-0.00077933,0.00029489,0.55362,0.55569,-0.43416,0.44297
9.9562e-05,-0.00078388,0.00029491,0.55362,0.55569,-0.43416,0.44297
9.9562e-05,-0.00078388,0.00029491,0.48494,0.48824,-0.50882,0.51725
9.9562e-05,-0.00078388,0.00029491,0.4064,0.41086,-0.57313,0.581
9.9562e-05,-0.00078388,0.00029491,0.31957,0.32511,-0.62577,0.63292
9.9562e-05,-0.00078388,0.00029491,0.22625,0.23275,-0.66567,0.67196
9.9562e-05,-0.00078388,0.00029491,0.12831,0.13565,-0.69202,0.69732
9.9562e-05,-0.00078388,0.00029491,0.02777,0.035781,-0.70428,0.70848
9.9562e-05,-0.00078388,0.00029491,0.073341,0.064812,0.7022,-0.70522
9.9563e-05,-0.00078388,0.00029491,0.17296,0.16409,0.68583,-0.68761
9.9563e-05,-0.00078388,0.00029491,0.26905,0.26002,0.6555,-0.65599
9.9562e-05,-0.00078388,0.00029491,0.35967,0.35066,0.61182,-0.61102
9.9615e-05,-0.00078842,0.00029493,0.35967,0.35066,0.61182,-0.61102
9.9615e-05,-0.00078842,0.00029493,0.26905,0.26002,0.6555,-0.65599
9.9615e-05,-0.00078842,0.00029493,0.17296,0.16409,0.68583,-0.68761
9.9615e-05,-0.00078842,0.00029493,0.073341,0.064812,0.7022,-0.70522
9.9615e-05,-0.00078842,0.00029493,0.02777,0.035781,-0.70428,0.70848
9.9615e-05,-0.00078842,0.00029493,0.12831,0.13565,-0.69202,0.69732
9.9615e-05,-0.00078842,0.00029493,0.22625,0.23275,-0.66567,0.67196
9.9615e-05,-0.00078842,0.00029493,0.31957,0.32511,-0.62577,0.63292
9.9615e-05,-0.00078842,0.00029493,0.4064,0.41086,-0.57313,0.581
9.9615e-05,-0.00078842,0.00029493,0.48494,0.48824,-0.50882,0.51725
9.9615e-05,-0.00078842,0.00029493,0.55362,0.55569,-0.43416,0.44297
9.9667e-05,-0.00079297,0.00029496,0.55362,0.55569,-0.43416,0.44297
9.9667e-05,-0.00079297,0.00029496,0.48494,0.48824,-0.50882,0.51725
9.9667e-05,-0.00079297,0.00029496,0.4064,0.41086,-0.57313,0.581
9.9668e-05,-0.00079297,0.00029496,0.31957,0.32511,-0.62577,0.63292
9.9668e-05,-0.00079297,0.00029496,0.22625,0.23275,-0.66567,0.67196
9.9668e-05,-0.00079297,0.00029496,0.12831,0.13565,-0.69202,0.69732
9.9668e-05,-0.00079297,0.00029496,0.02777,0.035781,-0.70428,0.70848
9.9668e-05,-0.00079297,0.00029496,0.073341,0.064812,0.7022,-0.70522
9.9668e-05,-0.00079297,0.00029496,0.17296,0.16409,0.68583,-0.68761
9.9668e-05,-0.00079297,0.00029496,0.26905,0.26002,0.6555,-0.65599
9.9668e-05,-0.00079297,0.00029496,0.35967,0.35066,0.61182,-0.61102
9.972e-05,-0.00079751,0.00029498,0.35967,0.35066,0.61182,-0.61102
9.9721e-05,-0.00079751,0.00029498,0.26905,0.26002,0.6555,-0.65599
9.9721e-05,-0.00079751,0.00029498,0.17296,0.16409,0.68583,-0.68761
9.972e-05,-0.00079751,0.00029498,0.073341,0.064812,0.7022,-0.70522
9.972e-05,-0.00079751,0.00029498,0.02777,0.035781,-0.70428,0.70848
9.972e-05,-0.00079751,0.00029498,0.12831,0.13565,-0.69202,0.69732
9.972e-05,-0.00079751,0.00029498,0.22625,0.23275,-0.66567,0.67196
9.972e-05,-0.00079751,0.00029498,0.31957,0.32511,-0.62577,0.63292
9.972e-05,-0.00079751,0.00029498,0.4064,0.41086,-0.57313,0.581
9.972e-05,-0.00079751,0.00029498,0.48494,0.48824,-0.50882,0.51725
9.972e-05,-0.00079751,0.00029498,0.55362,0.55569,-0.43416,0.44297
9.9773e-05,-0.00080206,0.00029501,0.55362,0.55569,-0.43416,0.44297
9.9773e-05,-0.00080206,0.00029501,0.48494,0.48824,-0.50882,0.51725
9.9773e-05,-0.00080206,0.00029501,0.4064,0.41086,-0.57313,0.581
9.9773e-05,-0.00080206,0.00029501,0.31957,0.32511,-0.62577,0.63292
9.9773e-05,-0.00080206,0.00029501,0.22625,0.23275,-0.66567,0.67196
9.9773e-05,-0.00080206,0.00029501,0.12831,0.13565,-0.69202,0.69732
9.9773e-05,-0.00080206,0.00029501,0.02777,0.035781,-0.70428,0.70848
9.9773e-05,-0.00080206,0.00029501,0.073341,0.064812,0.7022,-0.70522
9.9773e-05,-0.00080206,0.00029501,0.17296,0.16409,0.68583,-0.68761
9.9773e-05,-0.00080206,0.00029501,0.26905,0.26002,0.6555,-0.65599
9.9773e-05,-0.00080206,0.00029501,0.35967,0.35066,0.61182,-0.61102
9.9826e-05,-0.0008066,0.00029503,0.35967,0.35066,0.61182,-0.61102
9.9826e-05,-0.0008066,0.00029503,0.26905,0.26002,0.6555,-0.65599
9.9826e-05,-0.0008066,0.00029503,0.17296,0.16409,0.68583,-0.68761
9.9826e-05,-0.0008066,0.00029503,0.073341,0.064812,0.7022,-0.70522
9.9826e-05,-0.0008066,0.00029503,0.02777,0.035781,-0.70428,0.70848
9.9826e-05,-0.0008066,0.00029503,0.12831,0.13565,-0.69202,0.69732
9.9826e-05,-0.0008066,0.00029503,0.22625,0.23275,-0.66567,0.67196
9.9825e-05,-0.0008066,0.00029503,0.31957,0.32511,-0.62577,0.63292
9.9825e-05,-0.0008066,0.00029503,0.4064,0.41086,-0.57313,0.581
9.9825e-05,-0.0008066,0.00029503,0.48494,0.48824,-0.50882,0.51725
9.9825e-05,-0.0008066,0.00029503,0.55362,0.55569,-0.43416,0.44297
9.9878e-05,-0.00081115,0.00029506,0.55362,0.55569,-0.43416,0.44297
9.9878e-05,-0.00081115,0.00029506,0.48494,0.48824,-0.50882,0.51725
9.9878e-05,-0.00081115,0.00029506,0.4064,0.41086,-0.57313,0.581
9.9878e-05,-0.00081115,0.00029506,0.31957,0.32511,-0.62577,0.63292
9.9878e-05,-0.00081115,0.00029506,0.22625,0.23275,-0.66567,0.67196
9.9878e-05,-0.00081115,0.00029506,0.12831,0.13565,-0.69202,0.69732
9.9878e-05,-0.00081115,0.00029506,0.02777,0.035781,-0.70428,0.70848
9.9878e-05,-0.00081115,0.00029506,0.073341,0.064812,0.7022,-0.70522
9.9878e-05,-0.00081115,0.00029506,0.17296,0.16409,0.68583,-0.68761
9.9878e-05,-0.00081115,0.00029506,0.26905,0.26002,0.6555,-0.65599
9.9878e-05,-0.00081115,0.00029506,0.35967,0.35066,0.61182,-0.61102
9.9931e-05,-0.00081569,0.00029508,0.35967,0.35066,0.61182,-0.61102
9.9931e-05,-0.00081569,0.00029508,0.26905,0.26002,0.6555,-0.65599
9.9931e-05,-0.00081569,0.00029508,0.17296,0.16409,0.68583,-0.68761
9.9931e-05,-0.00081569,0.00029508,0.073341,0.064812,0.7022,-0.70522
9.9931e-05,-0.00081569,0.00029508,0.02777,0.035781,-0.70428,0.70848
9.9931e-05,-0.00081569,0.00029508,0.12831,0.13565,-0.69202,0.69732
9.9931e-05,-0.00081569,0.00029508,0.22625,0.23275,-0.66567,0.67196
9.9931e-05,-0.00081569,0.00029508,0.31957,0.32511,-0.62577,0.63292
9.9931e-05,-0.00081569,0.00029508,0.4064,0.41086,-0.57313,0.581
9.9931e-05,-0.00081569,0.00029508,0.48494,0.48824,-0.50882,0.51725
9.9931e-05,-0.00081569,0.00029508,0.55362,0.55569,-0.43416,0.44297
9.9412e-05,-0.00077025,0.00029342,0.35967,0.35066,0.61182,-0.61102
9.9412e-05,-0.00077025,0.00029342,0.26905,0.26002,0.6555,-0.65599
9.9412e-05,-0.00077025,0.00029342,0.17296,0.16409,0.68583,-0.68761
9.9412e-05,-0.00077025,0.00029342,0.073341,0.064812,0.7022,-0.70522
9.9412e-05,-0.00077025,0.00029342,0.02777,0.035781,-0.70428,0.70848
9.9412e-05,-0.00077025,0.00029342,0.12831,0.13565,-0.69202,0.69732
9.9412e-05,-0.00077025,0.00029342,0.22625,0.23275,-0.66567,0.67196
9.9412e-05,-0.00077025,0.00029342,0.31957,0.32511,-0.62577,0.63292
9.9412e-05,-0.00077025,0.00029342,0.4064,0.41086,-0.57313,0.581
9.9412e-05,-0.00077025,0.00029342,0.48494,0.48824,-0.50882,0.51725
9.9411e-05,-0.00077025,0.00029342,0.55362,0.55569,-0.43416,0.44297
9.9464e-05,-0.00077479,0.00029345,0.55362,0.55569,-0.43416,0.44297
9.9464e-05,-0.00077479,0.00029345,0.48494,0.48824,-0.50882,0.51725
9.9464e-05,-0.00077479,0.00029345,0.4064,0.41086,-0.57313,0.581
9.9464e-05,-0.00077479,0.00029345,0.31957,0.32511,-0.62577,0.63292
9.9464e-05,-0.00077479,0.00029345,0.22625,0.23275,-0.66567,0.67196
9.9465e-05,-0.00077479,0.00029345,0.12831,0.13565,-0.69202,0.69732
9.9465e-05,-0.00077479,0.00029345,0.02777,0.035781,-0.70428,0.70848
9.9465e-05,-0.00077479,0.00029345,0.073341,0.064812,0.7022,-0.70522
9.9465e-05,-0.00077479,0.00029345,0.17296,0.16409,0.68583,-0.68761
9.9465e-05,-0.00077479,0.00029345,0.26905,0.26002,0.6555,-0.65599
9.9465e-05,-0.00077479,0.00029345,0.35967,0.35066,0.61182,-0.61102
9.9517e-05,-0.00077934,0.00029347,0.35967,0.35066,0.61182,-0.61102
9.9517e-05,-0.00077934,0.00029347,0.26905,0.26002,0.6555,-0.65599
9.9517e-05,-0.00077934,0.00029347,0.17296,0.16409,0.68583,-0.68761
9.9517e-05,-0.00077934,0.00029347,0.073341,0.064812,0.7022,-0.70522
9.9517e-05,-0.00077934,0.00029347,0.02777,0.035781,-0.70428,0.70848
9.9517e-05,-0.00077934,0.00029347,0.12831,0.13565,-0.69202,0.69732
9.9517e-05,-0.00077934,0.00029347,0.22625,0.23275,-0.66567,0.67196
9.9517e-05,-0.00077934,0.00029347,0.31957,0.32511,-0.62577,0.63292
9.9517e-05,-0.00077934,0.00029347,0.4064,0.41086,-0.57313,0.581
9.9517e-05,-0.00077934,0.00029347,0.48494,0.48824,-0.50882,0.51725
9.9517e-05,-0.00077934,0.00029347,0.55362,0.55569,-0.43416,0.44297
9.9569e-05,-0.00078388,0.0002935,0.55362,0.55569,-0.43416,0.44297
9.957e-05,-0.00078388,0.0002935,0.48494,0.48824,-0.50882,0.51725
9.957e-05,-0.00078388,0.0002935,0.4064,0.41086,-0.57313,0.581
9.957e-05,-0.00078388,0.0002935,0.31957,0.32511,-0.62577,0.63292
9.957e-05,-0.00078388,0.0002935,0.22625,0.23275,-0.66567,0.67196
9.957e-05,-0.00078388,0.0002935,0.12831,0.13565,-0.69202,0.69732
9.957e-05,-0.00078388,0.0002935,0.02777,0.035781,-0.70428,0.70848
9.957e-05,-0.00078388,0.0002935,0.073341,0.064812,0.7022,-0.70522
9.957e-05,-0.00078388,0.0002935,0.17296,0.16409,0.68583,-0.68761
9.957e-05,-0.00078388,0.0002935,0.26905,0.26002,0.6555,-0.65599
9.957e-05,-0.00078388,0.0002935,0.35967,0.35066,0.61182,-0.61102
9.9623e-05,-0.00078843,0.00029352,0.35967,0.35066,0.61182,-0.61102
9.9623e-05,-0.00078843,0.00029352,0.26905,0.26002,0.6555,-0.65599
9.9623e-05,-0.00078843,0.00029352,0.17296,0.16409,0.68583,-0.68761
9.9623e-05,-0.00078843,0.00029352,0.073341,0.064812,0.7022,-0.70522
9.9623e-05,-0.00078843,0.00029352,0.02777,0.035781,-0.70428,0.70848
9.9623e-05,-0.00078843,0.00029352,0.12831,0.13565,-0.69202,0.69732
9.9622e-05,-0.00078843,0.00029352,0.22625,0.23275,-0.66567,0.67196
9.9622e-05,-0.00078843,0.00029352,0.31957,0.32511,-0.62577,0.63292
9.9622e-05,-0.00078843,0.00029352,0.4064,0.41086,-0.57313,0.581
9.9622e-05,-0.00078843,0.00029352,0.48494,0.48824,-0.50882,0.51725
9.9622e-05,-0.00078843,0.00029352,0.55362,0.55569,-0.43416,0.44297
9.9675e-05,-0.00079297,0.00029354,0.55362,0.55569,-0.43416,0.44297
9.9675e-05,-0.00079297,0.00029354,0.48494,0.48824,-0.50882,0.51725
9.9675e-05,-0.00079297,0.00029354,0.4064,0.41086,-0.57313,0.581
9.9675e-05,-0.00079297,0.00029354,0.31957,0.32511,-0.62577,0.63292
9.9675e-05,-0.00079297,0.00029354,0.22625,0.23275,-0.66567,0.67196
9.9675e-05,-0.00079297,0.00029354,0.12831,0.13565,-0.69202,0.69732
9.9675e-05,-0.00079297,0.00029354,0.02777,0.035781,-0.70428,0.70848
9.9675e-05,-0.00079297,0.00029355,0.073341,0.064812,0.7022,-0.70522
9.9675e-05,-0.00079297,0.00029355,0.17296,0.16409,0.68583,-0.68761
9.9675e-05,-0.00079297,0.00029355,0.26905,0.26002,0.6555,-0.65599
9.9675e-05,-0.00079297,0.00029355,0.35967,0.35066,0.61182,-0.61102
9.9728e-05,-0.00079752,0.00029357,0.35967,0.35066,0.61182,-0.61102
9.9728e-05,-0.00079752,0.00029357,0.26905,0.26002,0.6555,-0.65599
9.9728e-05,-0.00079752,0.00029357,0.17296,0.16409,0.68583,-0.68761
9.9728e-05,-0.00079752,0.00029357,0.073341,0.064812,0.7022,-0.70522
9.9728e-05,-0.00079752,0.00029357,0.02777,0.035781,-0.70428,0.70848
9.9728e-05,-0.00079752,0.00029357,0.12831,0.13565,-0.69202,0.69732
9.9728e-05,-0.00079752,0.00029357,0.22625,0.23275,-0.66567,0.67196
9.9728e-05,-0.00079752,0.00029357,0.31957,0.32511,-0.62577,0.63292
9.9728e-05,-0.00079752,0.00029357,0.4064,0.41086,-0.57313,0.581
9.9728e-05,-0.00079752,0.00029357,0.48494,0.48824,-0.50882,0.51725
9.9727e-05,-0.00079752,0.00029357,0.55362,0.55569,-0.43416,0.44297
9.978e-05,-0.00080206,0.00029359,0.55362,0.55569,-0.43416,0.44297
9.978e-05,-0.00080206,0.00029359,0.48494,0.48824,-0.50882,0.51725
9.978e-05,-0.00080206,0.00029359,0.4064,0.41086,-0.57313,0.581
9.978e-05,-0.00080206,0.00029359,0.31957,0.32511,-0.62577,0.63292
9.978e-05,-0.00080206,0.00029359,0.22625,0.23275,-0.66567,0.67196
9.9781e-05,-0.00080206,0.00029359,0.12831,0.13565,-0.69202,0.69732
9.9781e-05,-0.00080206,0.00029359,0.02777,0.035781,-0.70428,0.70848
9.9781e-05,-0.00080206,0.00029359,0.073341,0.064812,0.7022,-0.70522
9.9781e-05,-0.00080206,0.00029359,0.17296,0.16409,0.68583,-0.68761
9.9781e-05,-0.00080206,0.00029359,0.26905,0.26002,0.6555,-0.65599
9.9781e-05,-0.00080206,0.00029359,0.35967,0.35066,0.61182,-0.61102
9.9833e-05,-0.00080661,0.00029362,0.35967,0.35066,0.61182,-0.61102
9.9833e-05,-0.00080661,0.00029362,0.26905,0.26002,0.6555,-0.65599
9.9833e-05,-0.00080661,0.00029362,0.17296,0.16409,0.68583,-0.68761
9.9833e-05,-0.00080661,0.00029362,0.073341,0.064812,0.7022,-0.70522
9.9833e-05,-0.00080661,0.00029362,0.02777,0.035781,-0.70428,0.70848
9.9833e-05,-0.00080661,0.00029362,0.12831,0.13565,-0.69202,0.69732
9.9833e-05,-0.00080661,0.00029362,0.22625,0.23275,-0.66567,0.67196
9.9833e-05,-0.00080661,0.00029362,0.31957,0.32511,-0.62577,0.63292
9.9833e-05,-0.00080661,0.00029362,0.4064,0.41086,-0.57313,0.581
9.9833e-05,-0.00080661,0.00029362,0.48494,0.48824,-0.50882,0.51725
9.9833e-05,-0.00080661,0.00029362,0.55362,0.55569,-0.43416,0.44297
9.9885e-05,-0.00081115,0.00029364,0.55362,0.55569,-0.43416,0.44297
9.9886e-05,-0.00081115,0.00029364,0.48494,0.48824,-0.50882,0.51725
9.9886e-05,-0.00081115,0.00029364,0.4064,0.41086,-0.57313,0.581
9.9886e-05,-0.00081115,0.00029364,0.31957,0.32511,-0.62577,0.63292
9.9886e-05,-0.00081115,0.00029364,0.22625,0.23275,-0.66567,0.67196
9.9886e-05,-0.00081115,0.00029364,0.12831,0.13565,-0.69202,0.69732
9.9886e-05,-0.00081115,0.00029364,0.02777,0.035781,-0.70428,0.70848
9.9886e-05,-0.00081115,0.00029364,0.073341,0.064812,0.7022,-0.70522
9.9886e-05,-0.00081115,0.00029364,0.17296,0.16409,0.68583,-0.68761
9.9886e-05,-0.00081115,0.00029364,0.26905,0.26002,0.6555,-0.65599
9.9886e-05,-0.00081115,0.00029364,0.35967,0.35066,0.61182,-0.61102
9.9939e-05,-0.0008157,0.00029367,0.35967,0.35066,0.61182,-0.61102
9.9939e-05,-0.0008157,0.00029367,0.26905,0.26002,0.6555,-0.65599
9.9939e-05,-0.0008157,0.00029367,0.17296,0.16409,0.68583,-0.68761
9.9939e-05,-0.0008157,0.00029367,0.073341,0.064812,0.7022,-0.70522
9.9939e-05,-0.0008157,0.00029367,0.02777,0.035781,-0.70428,0.70848
9.9939e-05,-0.0008157,0.00029367,0.12831,0.13565,-0.69202,0.69732
9.9938e-05,-0.0008157,0.00029367,0.22625,0.23275,-0.66567,0.67196
9.9938e-05,-0.0008157,0.00029367,0.31957,0.32511,-0.62577,0.63292
9.9938e-05,-0.0008157,0.00029367,0.4064,0.41086,-0.57313,0.581
9.9938e-05,-0.0008157,0.00029367,0.48494,0.48824,-0.50882,0.51725
9.9938e-05,-0.0008157,0.00029367,0.55362,0.55569,-0.43416,0.44297
9.942e-05,-0.00077026,0.00029201,0.35967,0.35066,0.61182,-0.61102
9.942e-05,-0.00077026,0.00029201,0.26905,0.26002,0.6555,-0.65599
9.942e-05,-0.00077026,0.00029201,0.17296,0.16409,0.68583,-0.68761
9.942e-05,-0.00077026,0.00029201,0.073341,0.064812,0.7022,-0.70522
9.942e-05,-0.00077026,0.00029201,0.02777,0.035781,-0.70428,0.70848
9.9419e-05,-0.00077026,0.00029201,0.12831,0.13565,-0.69202,0.69732
9.9419e-05,-0.00077026,0.00029201,0.22625,0.23275,-0.66567,0.67196
9.9419e-05,-0.00077026,0.00029201,0.31957,0.32511,-0.62577,0.63292
9.9419e-05,-0.00077026,0.00029201,0.4064,0.41086,-0.57313,0.581
9.9419e-05,-0.00077026,0.00029201,0.48494,0.48824,-0.50882,0.51725
9.9419e-05,-0.00077026,0.00029201,0.55362,0.55569,-0.43416,0.44297
9.9472e-05,-0.0007748,0.00029203,0.55362,0.55569,-0.43416,0.44297
9.9472e-05,-0.0007748,0.00029203,0.48494,0.48824,-0.50882,0.51725
9.9472e-05,-0.0007748,0.00029203,0.4064,0.41086,-0.57313,0.581
9.9472e-05,-0.0007748,0.00029203,0.31957,0.32511,-0.62577,0.63292
9.9472e-05,-0.0007748,0.00029203,0.22625,0.23275,-0.66567,0.67196
9.9472e-05,-0.0007748,0.00029203,0.12831,0.13565,-0.69202,0.69732
9.9472e-05,-0.0007748,0.00029203,0.02777,0.035781,-0.70428,0.70848
9.9472e-05,-0.0007748,0.00029203,0.073341,0.064812,0.7022,-0.70522
9.9472e-05,-0.0007748,0.00029203,0.17296,0.16409,0.68583,-0.68761
9.9472e-05,-0.0007748,0.00029203,0.26905,0.26002,0.6555,-0.65599
9.9472e-05,-0.0007748,0.00029203,0.35967,0.35066,0.61182,-0.61102
9.9525e-05,-0.00077935,0.00029206,0.35967,0.35066,0.61182,-0.61102
9.9525e-05,-0.00077935,0.00029206,0.26905,0.26002,0.6555,-0.65599
9.9525e-05,-0.00077935,0.00029206,0.17296,0.16409,0.68583,-0.68761
9.9525e-05,-0.00077935,0.00029206,0.073341,0.064812,0.7022,-0.70522
9.9525e-05,-0.00077935,0.00029206,0.02777,0.035781,-0.70428,0.70848
9.9525e-05,-0.00077935,0.00029206,0.12831,0.13565,-0.69202,0.69732
9.9525e-05,-0.00077935,0.00029206,0.22625,0.23275,-0.66567,0.67196
9.9525e-05,-0.00077935,0.00029206,0.31957,0.32511,-0.62577,0.63292
9.9525e-05,-0.00077935,0.00029206,0.4064,0.41086,-0.57313,0.581
9.9524e-05,-0.00077935,0.00029206,0.48494,0.48824,-0.50882,0.51725
9.9524e-05,-0.00077935,0.00029206,0.55362,0.55569,-0.43416,0.44297
9.9577e-05,-0.00078389,0.00029208,0.55362,0.55569,-0.43416,0.44297
9.9577e-05,-0.00078389,0.00029208,0.48494,0.48824,-0.50882,0.51725
9.9577e-05,-0.00078389,0.00029208,0.4064,0.41086,-0.57313,0.581
9.9577e-05,-0.00078389,0.00029208,0.31957,0.32511,-0.62577,0.63292
9.9577e-05,-0.00078389,0.00029208,0.22625,0.23275,-0.66567,0.67196
9.9577e-05,-0.00078389,0.00029208,0.12831,0.13565,-0.69202,0.69732
9.9578e-05,-0.00078389,0.00029208,0.02777,0.035781,-0.70428,0.70848
9.9578e-05,-0.00078389,0.00029208,0.073341,0.064812,0.7022,-0.70522
9.9578e-05,-0.00078389,0.00029208,0.17296,0.16409,0.68583,-0.68761
9.9578e-05,-0.00078389,0.00029208,0.26905,0.26002,0.6555,-0.65599
9.9578e-05,-0.00078389,0.00029208,0.35967,0.35066,0.61182,-0.61102
9.963e-05,-0.00078844,0.00029211,0.35967,0.35066,0.61182,-0.61102
9.963e-05,-0.00078844,0.00029211,0.26905,0.26002,0.6555,-0.65599
9.963e-05,-0.00078844,0.00029211,0.17296,0.16409,0.68583,-0.68761
9.963e-05,-0.00078844,0.00029211,0.073341,0.064812,0.7022,-0.70522
9.963e-05,-0.00078844,0.00029211,0.02777,0.035781,-0.70428,0.70848
9.963e-05,-0.00078844,0.00029211,0.12831,0.13565,-0.69202,0.69732
9.963e-05,-0.00078844,0.00029211,0.22625,0.23275,-0.66567,0.67196
9.963e-05,-0.00078844,0.00029211,0.31957,0.32511,-0.62577,0.63292
9.963e-05,-0.00078844,0.00029211,0.4064,0.41086,-0.57313,0.581
9.963e-05,-0.00078844,0.00029211,0.48494,0.48824,-0.50882,0.51725
9.963e-05,-0.00078844,0.00029211,0.55362,0.55569,-0.43416,0.44297
9.9682e-05,-0.00079298,0.00029213,0.55362,0.55569,-0.43416,0.44297
9.9682e-05,-0.00079298,0.00029213,0.48494,0.48824,-0.50882,0.51725
9.9682e-05,-0.00079298,0.00029213,0.4064,0.41086,-0.57313,0.581
9.9683e-05,-0.00079298,0.00029213,0.31957,0.32511,-0.62577,0.63292
9.9683e-05,-0.00079298,0.00029213,0.22625,0.23275,-0.66567,0.67196
9.9683e-05,-0.00079298,0.00029213,0.12831,0.13565,-0.69202,0.69732
9.9683e-05,-0.00079298,0.00029213,0.02777,0.035781,-0.70428,0.70848
9.9683e-05,-0.00079298,0.00029213,0.073341,0.064812,0.7022,-0.70522
9.9683e-05,-0.00079298,0.00029213,0.17296,0.16409,0.68583,-0.68761
9.9683e-05,-0.00079298,0.00029213,0.26905,0.26002,0.6555,-0.65599
9.9683e-05,-0.00079298,0.00029213,0.35967,0.35066,0.61182,-0.61102
9.9736e-05,-0.00079753,0.00029216,0.35967,0.35066,0.61182,-0.61102
9.9736e-05,-0.00079753,0.00029216,0.26905,0.26002,0.6555,-0.65599
9.9736e-05,-0.00079753,0.00029216,0.17296,0.16409,0.68583,-0.68761
9.9736e-05,-0.00079753,0.00029216,0.073341,0.064812,0.7022,-0.70522
9.9735e-05,-0.00079753,0.00029216,0.02777,0.035781,-0.70428,0.70848
9.9735e-05,-0.00079753,0.00029216,0.12831,0.13565,-0.69202,0.69732
9.9735e-05,-0.00079753,0.00029216,0.22625,0.23275,-0.66567,0.67196
9.9735e-05,-0.00079753,0.00029216,0.31957,0.32511,-0.62577,0.63292
9.9735e-05,-0.00079753,0.00029216,0.4064,0.41086,-0.57313,0.581
9.9735e-05,-0.00079753,0.00029216,0.48494,0.48824,-0.50882,0.51725
9.9735e-05,-0.00079753,0.00029216,0.55362,0.55569,-0.43416,0.44297
9.9788e-05,-0.00080207,0.00029218,0.55362,0.55569,-0.43416,0.44297
9.9788e-05,-0.00080207,0.00029218,0.48494,0.48824,-0.50882,0.51725
9.9788e-05,-0.00080207,0.00029218,0.4064,0.41086,-0.57313,0.581
9.9788e-05,-0.00080207,0.00029218,0.31957,0.32511,-0.62577,0.63292
9.9788e-05,-0.00080207,0.00029218,0.22625,0.23275,-0.66567,0.67196
9.9788e-05,-0.00080207,0.00029218,0.12831,0.13565,-0.69202,0.69732
9.9788e-05,-0.00080207,0.00029218,0.02777,0.035781,-0.70428,0.70848
9.9788e-05,-0.00080207,0.00029218,0.073341,0.064812,0.7022,-0.70522
9.9788e-05,-0.00080207,0.00029218,0.17296,0.16409,0.68583,-0.68761
9.9788e-05,-0.00080207,0.00029218,0.26905,0.26002,0.6555,-0.65599
9.9788e-05,-0.00080207,0.00029218,0.35967,0.35066,0.61182,-0.61102
9.9841e-05,-0.00080662,0.00029221,0.35967,0.35066,0.61182,-0.61102
9.9841e-05,-0.00080662,0.00029221,0.26905,0.26002,0.6555,-0.65599
9.9841e-05,-0.00080662,0.0002922,0.17296,0.16409,0.68583,-0.68761
9.9841e-05,-0.00080662,0.0002922,0.073341,0.064812,0.7022,-0.70522
9.9841e-05,-0.00080662,0.0002922,0.02777,0.035781,-0.70428,0.70848
9.9841e-05,-0.00080662,0.0002922,0.12831,0.13565,-0.69202,0.69732
9.9841e-05,-0.00080662,0.0002922,0.22625,0.23275,-0.66567,0.67196
9.9841e-05,-0.00080662,0.0002922,0.31957,0.32511,-0.62577,0.63292
9.984e-05,-0.00080662,0.0002922,0.4064,0.41086,-0.57313,0.581
9.984e-05,-0.00080662,0.0002922,0.48494,0.48824,-0.50882,0.51725
9.984e-05,-0.00080662,0.0002922,0.55362,0.55569,-0.43416,0.44297
9.9893e-05,-0.00081116,0.00029223,0.55362,0.55569,-0.43416,0.44297
9.9893e-05,-0.00081116,0.00029223,0.48494,0.48824,-0.50882,0.51725
9.9893e-05,-0.00081116,0.00029223,0.4064,0.41086,-0.57313,0.581
9.9893e-05,-0.00081116,0.00029223,0.31957,0.32511,-0.62577,0.63292
9.9893e-05,-0.00081116,0.00029223,0.22625,0.23275,-0.66567,0.67196
9.9893e-05,-0.00081116,0.00029223,0.12831,0.13565,-0.69202,0.69732
9.9893e-05,-0.00081116,0.00029223,0.02777,0.035781,-0.70428,0.70848
9.9894e-05,-0.00081116,0.00029223,0.073341,0.064812,0.7022,-0.70522
9.9894e-05,-0.00081116,0.00029223,0.17296,0.16409,0.68583,-0.68761
9.9894e-05,-0.00081116,0.00029223,0.26905,0.26002,0.6555,-0.65599
9.9894e-05,-0.00081116,0.00029223,0.35967,0.35066,0.61182,-0.61102
9.9946e-05,-0.00081571,0.00029225,0.35967,0.35066,0.61182,-0.61102
9.9946e-05,-0.00081571,0.00029225,0.26905,0.26002,0.6555,-0.65599
9.9946e-05,-0.00081571,0.00029225,0.17296,0.16409,0.68583,-0.68761
9.9946e-05,-0.00081571,0.00029225,0.073341,0.064812,0.7022,-0.70522
9.9946e-05,-0.00081571,0.00029225,0.02777,0.035781,-0.70428,0.70848
9.9946e-05,-0.00081571,0.00029225,0.12831,0.13565,-0.69202,0.69732
9.9946e-05,-0.00081571,0.00029225,0.22625,0.23275,-0.66567,0.67196
9.9946e-05,-0.00081571,0.00029225,0.31957,0.32511,-0.62577,0.63292
9.9946e-05,-0.00081571,0.00029225,0.4064,0.41086,-0.57313,0.581
9.9946e-05,-0.00081571,0.00029225,0.48494,0.48824,-0.50882,0.51725
9.9946e-05,-0.00081571,0.00029225,0.55362,0.55569,-0.43416,0.44297
9.9427e-05,-0.00077026,0.00029059,0.35967,0.35066,0.61182,-0.61102
9.9427e-05,-0.00077026,0.00029059,0.26905,0.26002,0.6555,-0.65599
9.9427e-05,-0.00077026,0.00029059,0.17296,0.16409,0.68583,-0.68761
9.9427e-05,-0.00077026,0.00029059,0.073341,0.064812,0.7022,-0.70522
9.9427e-05,-0.00077026,0.00029059,0.02777,0.035781,-0.70428,0.70848
9.9427e-05,-0.00077026,0.00029059,0.12831,0.13565,-0.69202,0.69732
9.9427e-05,-0.00077026,0.00029059,0.22625,0.23275,-0.66567,0.67196
9.9427e-05,-0.00077026,0.00029059,0.31957,0.32511,-0.62577,0.63292
9.9427e-05,-0.00077026,0.00029059,0.4064,0.41086,-0.57313,0.581
9.9427e-05,-0.00077026,0.00029059,0.48494,0.48824,-0.50882,0.51725
9.9427e-05,-0.00077026,0.00029059,0.55362,0.55569,-0.43416,0.44297
9.9479e-05,-0.00077481,0.00029062,0.55362,0.55569,-0.43416,0.44297
9.9479e-05,-0.00077481,0.00029062,0.48494,0.48824,-0.50882,0.51725
9.9479e-05,-0.00077481,0.00029062,0.4064,0.41086,-0.57313,0.581
9.9479e-05,-0.00077481,0.00029062,0.31957,0.32511,-0.62577,0.63292
9.948e-05,-0.00077481,0.00029062,0.22625,0.23275,-0.66567,0.67196
9.948e-05,-0.00077481,0.00029062,0.12831,0.13565,-0.69202,0.69732
9.948e-05,-0.00077481,0.00029062,0.02777,0.035781,-0.70428,0.70848
9.948e-05,-0.00077481,0.00029062,0.073341,0.064812,0.7022,-0.70522
9.948e-05,-0.00077481,0.00029062,0.17296,0.16409,0.68583,-0.68761
9.948e-05,-0.00077481,0.00029062,0.26905,0.26002,0.6555,-0.65599
9.948e-05,-0.00077481,0.00029062,0.35967,0.35066,0.61182,-0.61102
9.9532e-05,-0.00077935,0.00029064,0.35967,0.35066,0.61182,-0.61102
9.9532e-05,-0.00077935,0.00029064,0.26905,0.26002,0.6555,-0.65599
9.9532e-05,-0.00077935,0.00029064,0.17296,0.16409,0.68583,-0.68761
9.9532e-05,-0.00077935,0.00029064,0.073341,0.064812,0.7022,-0.70522
9.9532e-05,-0.00077935,0.00029064,0.02777,0.035781,-0.70428,0.70848
9.9532e-05,-0.00077935,0.00029064,0.12831,0.13565,-0.69202,0.69732
9.9532e-05,-0.00077935,0.00029064,0.22625,0.23275,-0.66567,0.67196
9.9532e-05,-0.00077935,0.00029064,0.31957,0.32511,-0.62577,0.63292
9.9532e-05,-0.00077935,0.00029064,0.4064,0.41086,-0.57313,0.581
9.9532e-05,-0.00077935,0.00029064,0.48494,0.48824,-0.50882,0.51725
9.9532e-05,-0.00077935,0.00029064,0.55362,0.55569,-0.43416,0.44297
9.9585e-05,-0.0007839,0.00029067,0.55362,0.55569,-0.43416,0.44297
9.9585e-05,-0.0007839,0.00029067,0.48494,0.48824,-0.50882,0.51725
9.9585e-05,-0.0007839,0.00029067,0.4064,0.41086,-0.57313,0.581
9.9585e-05,-0.0007839,0.00029067,0.31957,0.32511,-0.62577,0.63292
9.9585e-05,-0.0007839,0.00029067,0.22625,0.23275,-0.66567,0.67196
9.9585e-05,-0.0007839,0.00029067,0.12831,0.13565,-0.69202,0.69732
9.9585e-05,-0.0007839,0.00029067,0.02777,0.035781,-0.70428,0.70848
9.9585e-05,-0.0007839,0.00029067,0.073341,0.064812,0.7022,-0.70522
9.9585e-05,-0.0007839,0.00029067,0.17296,0.16409,0.68583,-0.68761
9.9585e-05,-0.0007839,0.00029067,0.26905,0.26002,0.6555,-0.65599
9.9585e-05,-0.0007839,0.00029067,0.35967,0.35066,0.61182,-0.61102
9.9638e-05,-0.00078844,0.00029069,0.35967,0.35066,0.61182,-0.61102
9.9638e-05,-0.00078844,0.00029069,0.26905,0.26002,0.6555,-0.65599
9.9638e-05,-0.00078844,0.00029069,0.17296,0.16409,0.68583,-0.68761
9.9638e-05,-0.00078844,0.00029069,0.073341,0.064812,0.7022,-0.70522
9.9638e-05,-0.00078844,0.00029069,0.02777,0.035781,-0.70428,0.70848
9.9638e-05,-0.00078844,0.00029069,0.12831,0.13565,-0.69202,0.69732
9.9638e-05,-0.00078844,0.00029069,0.22625,0.23275,-0.66567,0.67196
9.9637e-05,-0.00078844,0.00029069,0.31957,0.32511,-0.62577,0.63292
9.9637e-05,-0.00078844,0.00029069,0.4064,0.41086,-0.57313,0.581
9.9637e-05,-0.00078844,0.00029069,0.48494,0.48824,-0.50882,0.51725
9.9637e-05,-0.00078844,0.00029069,0.55362,0.55569,-0.43416,0.44297
9.969e-05,-0.00079299,0.00029072,0.55362,0.55569,-0.43416,0.44297
9.969e-05,-0.00079299,0.00029072,0.48494,0.48824,-0.50882,0.51725
9.969e-05,-0.00079299,0.00029072,0.4064,0.41086,-0.57313,0.581
9.969e-05,-0.00079299,0.00029072,0.31957,0.32511,-0.62577,0.63292
9.969e-05,-0.00079299,0.00029072,0.22625,0.23275,-0.66567,0.67196
9.969e-05,-0.00079299,0.00029072,0.12831,0.13565,-0.69202,0.69732
9.969e-05,-0.00079299,0.00029072,0.02777,0.035781,-0.70428,0.70848
9.969e-05,-0.00079299,0.00029072,0.073341,0.064812,0.7022,-0.70522
9.969e-05,-0.00079299,0.00029072,0.17296,0.16409,0.68583,-0.68761
9.969e-05,-0.00079299,0.00029072,0.26905,0.26002,0.6555,-0.65599
9.969e-05,-0.00079299,0.00029072,0.35967,0.35066,0.61182,-0.61102
9.9743e-05,-0.00079753,0.00029074,0.35967,0.35066,0.61182,-0.61102
9.9743e-05,-0.00079753,0.00029074,0.26905,0.26002,0.6555,-0.65599
9.9743e-05,-0.00079753,0.00029074,0.17296,0.16409,0.68583,-0.68761
9.9743e-05,-0.00079753,0.00029074,0.073341,0.064812,0.7022,-0.70522
9.9743e-05,-0.00079753,0.00029074,0.02777,0.035781,-0.70428,0.70848
9.9743e-05,-0.00079753,0.00029074,0.12831,0.13565,-0.69202,0.69732
9.9743e-05,-0.00079753,0.00029074,0.22625,0.23275,-0.66567,0.67196
9.9743e-05,-0.00079753,0.00029074,0.31957,0.32511,-0.62577,0.63292
9.9743e-05,-0.00079753,0.00029074,0.4064,0.41086,-0.57313,0.581
9.9743e-05,-0.00079753,0.00029074,0.48494,0.48824,-0.50882,0.51725
9.9743e-05,-0.00079753,0.00029074,0.55362,0.55569,-0.43416,0.44297
9.9795e-05,-0.00080208,0.00029077,0.55362,0.55569,-0.43416,0.44297
9.9795e-05,-0.00080208,0.00029077,0.48494,0.48824,-0.50882,0.51725
9.9795e-05,-0.00080208,0.00029077,0.4064,0.41086,-0.57313,0.581
9.9795e-05,-0.00080208,0.00029077,0.31957,0.32511,-0.62577,0.63292
9.9796e-05,-0.00080208,0.00029077,0.22625,0.23275,-0.66567,0.67196
9.9796e-05,-0.00080208,0.00029077,0.12831,0.13565,-0.69202,0.69732
9.9796e-05,-0.00080208,0.00029077,0.02777,0.035781,-0.70428,0.70848
9.9796e-05,-0.00080208,0.00029077,0.073341,0.064812,0.7022,-0.70522
9.9796e-05,-0.00080208,0.00029077,0.17296,0.16409,0.68583,-0.68761
9.9796e-05,-0.00080208,0.00029077,0.26905,0.26002,0.6555,-0.65599
9.9796e-05,-0.00080208,0.00029077,0.35967,0.35066,0.61182,-0.61102
9.9848e-05,-0.00080662,0.00029079,0.35967,0.35066,0.61182,-0.61102
9.9848e-05,-0.00080662,0.00029079,0.26905,0.26002,0.6555,-0.65599
9.9848e-05,-0.00080662,0.00029079,0.17296,0.16409,0.68583,-0.68761
9.9848e-05,-0.00080662,0.00029079,0.073341,0.064812,0.7022,-0.70522
9.9848e-05,-0.00080662,0.00029079,0.02777,0.035781,-0.70428,0.70848
9.9848e-05,-0.00080662,0.00029079,0.12831,0.13565,-0.69202,0.69732
9.9848e-05,-0.00080662,0.00029079,0.22625,0.23275,-0.66567,0.67196
9.9848e-05,-0.00080662,0.00029079,0.31957,0.32511,-0.62577,0.63292
9.9848e-05,-0.00080662,0.00029079,0.4064,0.41086,-0.57313,0.581
9.9848e-05,-0.00080662,0.00029079,0.48494,0.48824,-0.50882,0.51725
9.9848e-05,-0.00080662,0.00029079,0.55362,0.55569,-0.43416,0.44297
9.9901e-05,-0.00081117,0.00029082,0.55362,0.55569,-0.43416,0.44297
9.9901e-05,-0.00081117,0.00029082,0.48494,0.48824,-0.50882,0.51725
9.9901e-05,-0.00081117,0.00029082,0.4064,0.41086,-0.57313,0.581
9.9901e-05,-0.00081117,0.00029082,0.31957,0.32511,-0.62577,0.63292
9.9901e-05,-0.00081117,0.00029082,0.22625,0.23275,-0.66567,0.67196
9.9901e-05,-0.00081117,0.00029082,0.12831,0.13565,-0.69202,0.69732
9.9901e-05,-0.00081117,0.00029082,0.02777,0.035781,-0.70428,0.70848
9.9901e-05,-0.00081117,0.00029082,0.073341,0.064812,0.7022,-0.70522
9.9901e-05,-0.00081117,0.00029082,0.17296,0.16409,0.68583,-0.68761
9.9901e-05,-0.00081117,0.00029082,0.26905,0.26002,0.6555,-0.65599
9.9901e-05,-0.00081117,0.00029082,0.35967,0.35066,0.61182,-0.61102
9.9954e-05,-0.00081571,0.00029084,0.35967,0.35066,0.61182,-0.61102
9.9954e-05,-0.00081571,0.00029084,0.26905,0.26002,0.6555,-0.65599
9.9954e-05,-0.00081571,0.00029084,0.17296,0.16409,0.68583,-0.68761
9.9954e-05,-0.00081571,0.00029084,0.073341,0.064812,0.7022,-0.70522
9.9954e-05,-0.00081571,0.00029084,0.02777,0.035781,-0.70428,0.70848
9.9954e-05,-0.00081571,0.00029084,0.12831,0.13565,-0.69202,0.69732
9.9954e-05,-0.00081571,0.00029084,0.22625,0.23275,-0.66567,0.67196
9.9953e-05,-0.00081571,0.00029084,0.31957,0.32511,-0.62577,0.63292
9.9953e-05,-0.00081571,0.00029084,0.4064,0.41086,-0.57313,0.581
9.9953e-05,-0.00081571,0.00029084,0.48494,0.48824,-0.50882,0.51725
9.9953e-05,-0.00081571,0.00029084,0.55362,0.55569,-0.43416,0.44297
9.9435e-05,-0.00077027,0.00028918,0.35967,0.35066,0.61182,-0.61102
9.9435e-05,-0.00077027,0.00028918,0.26905,0.26002,0.6555,-0.65599
9.9435e-05,-0.00077027,0.00028918,0.17296,0.16409,0.68583,-0.68761
9.9435e-05,-0.00077027,0.00028918,0.073341,0.064812,0.7022,-0.70522
9.9435e-05,-0.00077027,0.00028918,0.02777,0.035781,-0.70428,0.70848
9.9435e-05,-0.00077027,0.00028918,0.12831,0.13565,-0.69202,0.69732
9.9434e-05,-0.00077027,0.00028918,0.22625,0.23275,-0.66567,0.67196
9.9434e-05,-0.00077027,0.00028918,0.31957,0.32511,-0.62577,0.63292
9.9434e-05,-0.00077027,0.00028918,0.4064,0.41086,-0.57313,0.581
9.9434e-05,-0.00077027,0.00028918,0.48494,0.48824,-0.50882,0.51725
9.9434e-05,-0.00077027,0.00028918,0.55362,0.55569,-0.43416,0.44297
9.9487e-05,-0.00077482,0.0002892,0.55362,0.55569,-0.43416,0.44297
9.9487e-05,-0.00077482,0.0002892,0.48494,0.48824,-0.50882,0.51725
9.9487e-05,-0.00077482,0.0002892,0.4064,0.41086,-0.57313,0.581
9.9487e-05,-0.00077482,0.0002892,0.31957,0.32511,-0.62577,0.63292
9.9487e-05,-0.00077482,0.0002892,0.22625,0.23275,-0.66567,0.67196
9.9487e-05,-0.00077482,0.0002892,0.12831,0.13565,-0.69202,0.69732
9.9487e-05,-0.00077482,0.0002892,0.02777,0.035781,-0.70428,0.70848
9.9487e-05,-0.00077482,0.0002892,0.073341,0.064812,0.7022,-0.70522
9.9487e-05,-0.00077482,0.0002892,0.17296,0.16409,0.68583,-0.68761
9.9487e-05,-0.00077482,0.0002892,0.26905,0.26002,0.6555,-0.65599
9.9487e-05,-0.00077482,0.0002892,0.35967,0.35066,0.61182,-0.61102
9.954e-05,-0.00077936,0.00028923,0.35967,0.35066,0.61182,-0.61102
9.954e-05,-0.00077936,0.00028923,0.26905,0.26002,0.6555,-0.65599
9.954e-05,-0.00077936,0.00028923,0.17296,0.16409,0.68583,-0.68761
9.954e-05,-0.00077936,0.00028923,0.073341,0.064812,0.7022,-0.70522
9.954e-05,-0.00077936,0.00028923,0.02777,0.035781,-0.70428,0.70848
9.954e-05,-0.00077936,0.00028923,0.12831,0.13565,-0.69202,0.69732
9.954e-05,-0.00077936,0.00028923,0.22625,0.23275,-0.66567,0.67196
9.954e-05,-0.00077936,0.00028923,0.31957,0.32511,-0.62577,0.63292
9.954e-05,-0.00077936,0.00028923,0.4064,0.41086,-0.57313,0.581
9.9539e-05,-0.00077936,0.00028923,0.48494,0.48824,-0.50882,0.51725
9.9539e-05,-0.00077936,0.00028923,0.55362,0.55569,-0.43416,0.44297
9.9592e-05,-0.00078391,0.00028925,0.55362,0.55569,-0.43416,0.44297
9.9592e-05,-0.00078391,0.00028925,0.48494,0.48824,-0.50882,0.51725
9.9592e-05,-0.00078391,0.00028925,0.4064,0.41086,-0.57313,0.581
9.9592e-05,-0.00078391,0.00028925,0.31957,0.32511,-0.62577,0.63292
9.9592e-05,-0.00078391,0.00028925,0.22625,0.23275,-0.66567,0.67196
9.9593e-05,-0.00078391,0.00028925,0.12831,0.13565,-0.69202,0.69732
9.9593e-05,-0.00078391,0.00028925,0.02777,0.035781,-0.70428,0.70848
9.9593e-05,-0.00078391,0.00028925,0.073341,0.064812,0.7022,-0.70522
9.9593e-05,-0.00078391,0.00028925,0.17296,0.16409,0.68583,-0.68761
9.9593e-05,-0.00078391,0.00028925,0.26905,0.26002,0.6555,-0.65599
9.9593e-05,-0.00078391,0.00028925,0.35967,0.35066,0.61182,-0.61102
9.9645e-05,-0.00078845,0.00028928,0.35967,0.35066,0.61182,-0.61102
9.9645e-05,-0.00078845,0.00028928,0.26905,0.26002,0.6555,-0.65599
9.9645e-05,-0.00078845,0.00028928,0.17296,0.16409,0.68583,-0.68761
9.9645e-05,-0.00078845,0.00028928,0.073341,0.064812,0.7022,-0.70522
9.9645e-05,-0.00078845,0.00028928,0.02777,0.035781,-0.70428,0.70848
9.9645e-05,-0.00078845,0.00028928,0.12831,0.13565,-0.69202,0.69732
9.9645e-05,-0.00078845,0.00028928,0.22625,0.23275,-0.66567,0.67196
9.9645e-05,-0.00078845,0.00028928,0.31957,0.32511,-0.62577,0.63292
9.9645e-05,-0.00078845,0.00028928,0.4064,0.41086,-0.57313,0.581
9.9645e-05,-0.00078845,0.00028928,0.48494,0.48824,-0.50882,0.51725
9.9645e-05,-0.00078845,0.00028928,0.55362,0.55569,-0.43416,0.44297
9.9697e-05,-0.000793,0.0002893,0.55362,0.55569,-0.43416,0.44297
9.9697e-05,-0.000793,0.0002893,0.48494,0.48824,-0.50882,0.51725
9.9698e-05,-0.000793,0.0002893,0.4064,0.41086,-0.57313,0.581
9.9698e-05,-0.000793,0.0002893,0.31957,0.32511,-0.62577,0.63292
9.9698e-05,-0.000793,0.0002893,0.22625,0.23275,-0.66567,0.67196
9.9698e-05,-0.000793,0.0002893,0.12831,0.13565,-0.69202,0.69732
9.9698e-05,-0.000793,0.0002893,0.02777,0.035781,-0.70428,0.70848
9.9698e-05,-0.000793,0.0002893,0.073341,0.064812,0.7022,-0.70522
9.9698e-05,-0.000793,0.0002893,0.17296,0.16409,0.68583,-0.68761
9.9698e-05,-0.000793,0.0002893,0.26905,0.26002,0.6555,-0.65599
9.9698e-05,-0.000793,0.0002893,0.35967,0.35066,0.61182,-0.61102
9.9751e-05,-0.00079754,0.00028933,0.35967,0.35066,0.61182,-0.61102
9.9751e-05,-0.00079754,0.00028933,0.26905,0.26002,0.6555,-0.65599
9.9751e-05,-0.00079754,0.00028933,0.17296,0.16409,0.68583,-0.68761
9.9751e-05,-0.00079754,0.00028933,0.073341,0.064812,0.7022,-0.70522
9.9751e-05,-0.00079754,0.00028933,0.02777,0.035781,-0.70428,0.70848
9.9751e-05,-0.00079754,0.00028933,0.12831,0.13565,-0.69202,0.69732
9.975e-05,-0.00079754,0.00028933,0.22625,0.23275,-0.66567,0.67196
9.975e-05,-0.00079754,0.00028933,0.31957,0.32511,-0.62577,0.63292
9.975e-05,-0.00079754,0.00028933,0.4064,0.41086,-0.57313,0.581
9.975e-05,-0.00079754,0.00028933,0.48494,0.48824,-0.50882,0.51725
9.975e-05,-0.00079754,0.00028933,0.55362,0.55569,-0.43416,0.44297
9.9803e-05,-0.00080209,0.00028935,0.55362,0.55569,-0.43416,0.44297
9.9803e-05,-0.00080209,0.00028935,0.48494,0.48824,-0.50882,0.51725
9.9803e-05,-0.00080209,0.00028935,0.4064,0.41086,-0.57313,0.581
9.9803e-05,-0.00080209,0.00028935,0.31957,0.32511,-0.62577,0.63292
9.9803e-05,-0.00080209,0.00028935,0.22625,0.23275,-0.66567,0.67196
9.9803e-05,-0.00080209,0.00028935,0.12831,0.13565,-0.69202,0.69732
9.9803e-05,-0.00080209,0.00028935,0.02777,0.035781,-0.70428,0.70848
9.9803e-05,-0.00080209,0.00028935,0.073341,0.064812,0.7022,-0.70522
9.9803e-05,-0.00080209,0.00028935,0.17296,0.16409,0.68583,-0.68761
9.9803e-05,-0.00080209,0.00028935,0.26905,0.26002,0.6555,-0.65599
9.9803e-05,-0.00080209,0.00028935,0.35967,0.35066,0.61182,-0.61102
9.9856e-05,-0.00080663,0.00028938,0.35967,0.35066,0.61182,-0.61102
9.9856e-05,-0.00080663,0.00028938,0.26905,0.26002,0.6555,-0.65599
9.9856e-05,-0.00080663,0.00028938,0.17296,0.16409,0.68583,-0.68761
9.9856e-05,-0.00080663,0.00028938,0.073341,0.064812,0.7022,-0.70522
9.9856e-05,-0.00080663,0.00028938,0.02777,0.035781,-0.70428,0.70848
9.9856e-05,-0.00080663,0.00028938,0.12831,0.13565,-0.69202,0.69732
9.9856e-05,-0.00080663,0.00028938,0.22625,0.23275,-0.66567,0.67196
9.9856e-05,-0.00080663,0.00028938,0.31957,0.32511,-0.62577,0.63292
9.9856e-05,-0.00080663,0.00028938,0.4064,0.41086,-0.57313,0.581
9.9855e-05,-0.00080663,0.00028938,0.48494,0.48824,-0.50882,0.51725
9.9855e-05,-0.00080663,0.00028938,0.55362,0.55569,-0.43416,0.44297
9.9908e-05,-0.00081118,0.0002894,0.55362,0.55569,-0.43416,0.44297
9.9908e-05,-0.00081118,0.0002894,0.48494,0.48824,-0.50882,0.51725
9.9908e-05,-0.00081118,0.0002894,0.4064,0.41086,-0.57313,0.581
9.9908e-05,-0.00081118,0.0002894,0.31957,0.32511,-0.62577,0.63292
9.9908e-05,-0.00081118,0.0002894,0.22625,0.23275,-0.66567,0.67196
9.9908e-05,-0.00081118,0.0002894,0.12831,0.13565,-0.69202,0.69732
9.9909e-05,-0.00081118,0.0002894,0.02777,0.035781,-0.70428,0.70848
9.9909e-05,-0.00081118,0.0002894,0.073341,0.064812,0.7022,-0.70522
9.9909e-05,-0.00081118,0.0002894,0.17296,0.16409,0.68583,-0.68761
9.9909e-05,-0.00081118,0.0002894,0.26905,0.26002,0.6555,-0.65599
9.9909e-05,-0.00081118,0.0002894,0.35967,0.35066,0.61182,-0.61102
9.9961e-05,-0.00081572,0.00028943,0.35967,0.35066,0.61182,-0.61102
9.9961e-05,-0.00081572,0.00028943,0.26905,0.26002,0.6555,-0.65599
9.9961e-05,-0.00081572,0.00028943,0.17296,0.16409,0.68583,-0.68761
9.9961e-05,-0.00081572,0.00028943,0.073341,0.064812,0.7022,-0.70522
9.9961e-05,-0.00081572,0.00028943,0.02777,0.035781,-0.70428,0.70848
9.9961e-05,-0.00081572,0.00028943,0.12831,0.13565,-0.69202,0.69732
9.9961e-05,-0.00081572,0.00028943,0.22625,0.23275,-0.66567,0.67196
9.9961e-05,-0.00081572,0.00028943,0.31957,0.32511,-0.62577,0.63292
9.9961e-05,-0.00081572,0.00028943,0.4064,0.41086,-0.57313,0.581
9.9961e-05,-0.00081572,0.00028943,0.48494,0.48824,-0.50882,0.51725
9.9961e-05,-0.00081572,0.00028943,0.55362,0.55569,-0.43416,0.44297
