-0.25,-0.5,0.5,0.0,-1.1071487177940904,3.141592653589793
-0.2500049446703292,-0.4984276416709831,0.5,0.0,-1.1071487177940904,-3.1353031788078316
-0.25001977848571866,-0.49685534554031474,0.5,0.0,-1.1071487177940906,-3.12901370402587
-0.2500445008593817,-0.4952831738038832,0.5,0.0,-1.1071487177940904,-3.1227242292439086
-0.25007911081336653,-0.49371118865265606,0.5,0.0,-1.1071487177940904,-3.116434754461947
-0.2501236069785946,-0.4921394522702198,0.5,0.0,-1.1071487177940904,-3.1101452796799856
-0.250177987594915,-0.4905680268303207,0.5,0.0,-1.1071487177940904,-3.103855804898024
-0.2502422505111739,-0.4889969744944046,0.5,0.0,-1.1071487177940904,-3.0975663301160625
-0.25031639318529986,-0.48742635740915846,0.5,0.0,-1.1071487177940904,-3.091276855334101
-0.2504004126844042,-0.4858562377040519,0.5,0.0,-1.1071487177940904,-3.084987380552139
-0.2504943056848972,-0.4842866774888795,0.5,0.0,-1.1071487177940906,-3.0786979057701775
-0.25059806847261934,-0.48271773885130387,0.5,0.0,-1.1071487177940904,-3.072408430988216
-0.2507116969429884,-0.4811494838543996,0.5,0.0,-1.1071487177940904,-3.0661189562062545
-0.2508351866011618,-0.4795819745341983,0.5,0.0,-1.1071487177940904,-3.059829481424293
-0.2509685325622143,-0.47801527289723467,0.5,0.0,-1.1071487177940906,-3.0535400066423315
-0.2511117295513313,-0.47644944091809344,0.5,0.0,-1.1071487177940904,-3.04725053186037
-0.2512647719040178,-0.474884540536958,0.5,0.0,-1.1071487177940906,-3.0409610570784085
-0.2514276535663218,-0.47332063365716026,0.5,0.0,-1.1071487177940906,-3.034671582296447
-0.25160036809507424,-0.4717577821427318,0.5,0.0,-1.1071487177940904,-3.0283821075144854
-0.25178290865814407,-0.47019604781595664,0.5,0.0,-1.1071487177940906,-3.022092632732524
-0.2519752680347079,-0.468635492454926,0.5,0.0,-1.1071487177940904,-3.0158031579505624
-0.25217743861553615,-0.4670761777910941,0.5,0.0,-1.1071487177940904,-3.009513683168601
-0.2523894124032938,-0.4655181655068366,0.5,0.0,-1.1071487177940904,-3.0032242083866394
-0.252611181012857,-0.46396151723301043,0.5,0.0,-1.1071487177940904,-2.996934733604678
-0.25284273567164434,-0.46240629454651583,0.5,0.0,-1.1071487177940904,-2.990645258822716
-0.2530840672199642,-0.4608525589678606,0.5,0.0,-1.1071487177940904,-2.9843557840407544
-0.25333516611137696,-0.4593003719587264,0.5,0.0,-1.1071487177940904,-2.978066309258793
-0.2535960224130729,-0.4577497949195377,0.5,0.0,-1.1071487177940904,-2.9717768344768314
-0.2538666258062645,-0.4562008891870328,0.5,0.0,-1.1071487177940904,-2.96548735969487
-0.25414696558659533,-0.45465371603183724,0.5,0.0,-1.1071487177940904,-2.9591978849129084
-0.25443703066456297,-0.4531083366560407,0.5,0.0,-1.1071487177940906,-2.952908410130947
-0.254736809565958,-0.4515648121907756,0.5,0.0,-1.1071487177940906,-2.9466189353489853
-0.25504629043231763,-0.45002320369379883,0.5,0.0,-1.1071487177940904,-2.940329460567024
-0.2553654610213951,-0.44848357214707685,0.5,0.0,-1.1071487177940906,-2.934039985785062
-0.2556943087076436,-0.446945978454373,0.5,0.0,-1.1071487177940904,-2.9277505110031004
-0.256032820482716,-0.44541048343883866,0.5,0.0,-1.1071487177940906,-2.9214610362211393
-0.2563809829559792,-0.44387714784060683,0.5,0.0,-1.1071487177940906,-2.9151715614391773
-0.25673878235504405,-0.44234603231438996,0.5,0.0,-1.1071487177940906,-2.908882086657216
-0.25710620452630994,-0.4408171974270801,0.5,0.0,-1.1071487177940906,-2.9025926118752543
-0.25748323493552483,-0.4392907036553532,0.5,0.0,-1.1071487177940906,-2.896303137093293
-0.25786985866836004,-0.4377666113832771,0.5,0.0,-1.1071487177940906,-2.8900136623113313
-0.2582660604310004,-0.43624498089992236,0.5,0.0,-1.1071487177940906,-2.8837241875293698
-0.25867182455074916,-0.43472587239697796,0.5,0.0,-1.1071487177940906,-2.8774347127474083
-0.2590871349766478,-0.4332093459663697,0.5,0.0,-1.1071487177940904,-2.8711452379654467
-0.2595119752801113,-0.4316954615978835,0.5,0.0,-1.1071487177940904,-2.8648557631834852
-0.25994632865557765,-0.4301842791767925,0.5,0.0,-1.1071487177940906,-2.8585662884015237
-0.2603901779211728,-0.4286758584814876,0.5,0.0,-1.1071487177940904,-2.852276813619562
-0.26084350551939056,-0.4271702591811132,0.5,0.0,-1.1071487177940904,-2.8459873388376002
-0.2613062935177866,-0.4256675408332069,0.5,0.0,-1.1071487177940904,-2.8396978640556387
-0.26177852360968834,-0.42416776288134334,0.5,0.0,-1.1071487177940906,-2.833408389273677
-0.26226017711491867,-0.4226709846527828,0.5,0.0,-1.1071487177940904,-2.827118914491716
-0.2627512349805353,-0.4211772653561244,0.5,0.0,-1.1071487177940906,-2.820829439709754
-0.2632516777815842,-0.4196866640789641,0.5,0.0,-1.1071487177940906,-2.8145399649277927
-0.2637614857218679,-0.4181992397855571,0.5,0.0,-1.1071487177940906,-2.808250490145831
-0.26428063863472895,-0.4167150513144856,0.5,0.0,-1.1071487177940904,-2.8019610153638697
-0.26480911598384727,-0.4152341573763312,0.5,0.0,-1.1071487177940904,-2.795671540581908
-0.26534689686405266,-0.4137566165513524,0.5,0.0,-1.1071487177940904,-2.7893820657999466
-0.26589396000215193,-0.4122824872871674,0.5,0.0,-1.1071487177940906,-2.783092591017985
-0.26645028375777,-0.4108118278964421,0.5,0.0,-1.1071487177940904,-2.7768031162360236
-0.2670158461242065,-0.4093446965545833,0.5,0.0,-1.1071487177940904,-2.770513641454062
-0.2675906247293057,-0.4078811512974375,0.5,0.0,-1.1071487177940904,-2.7642241666721
-0.2681745968363419,-0.4064212500189953,0.5,0.0,-1.1071487177940906,-2.757934691890139
-0.2687677393449187,-0.4049650504691008,0.5,0.0,-1.1071487177940904,-2.751645217108177
-0.2693700287918828,-0.4035126102511678,0.5,0.0,-1.1071487177940904,-2.7453557423262156
-0.26998144135225216,-0.4020639868199007,0.5,0.0,-1.1071487177940904,-2.739066267544254
-0.27060195284015837,-0.4006192374790218,0.5,0.0,-1.1071487177940904,-2.7327767927622926
-0.2712315387098035,-0.39917841937900467,0.5,0.0,-1.1071487177940904,-2.726487317980331
-0.271870174056431,-0.39774158951481353,0.5,0.0,-1.1071487177940906,-2.7201978431983695
-0.2725178336173108,-0.39630880472364827,0.5,0.0,-1.1071487177940904,-2.713908368416408
-0.2731744917727389,-0.39488012168269643,0.5,0.0,-1.1071487177940904,-2.7076188936344465
-0.2738401225470505,-0.3934555969068912,0.5,0.0,-1.1071487177940906,-2.701329418852485
-0.2745146996096476,-0.39203528674667565,0.5,0.0,-1.1071487177940904,-2.6950399440705235
-0.2751981962760408,-0.3906192473857739,0.5,0.0,-1.1071487177940906,-2.6887504692885615
-0.27589058550890455,-0.38920753483896847,0.5,0.0,-1.1071487177940904,-2.6824609945066005
-0.27659183991914693,-0.3878002049498845,0.5,0.0,-1.1071487177940906,-2.676171519724639
-0.2773019317669929,-0.38639731338878064,0.5,0.0,-1.1071487177940904,-2.669882044942677
-0.2780208329630818,-0.3849989156503473,0.5,0.0,-1.1071487177940906,-2.6635925701607155
-0.27874851506957815,-0.38360506705151076,0.5,0.0,-1.1071487177940906,-2.657303095378754
-0.27948494930129714,-0.38221582272924554,0.5,0.0,-1.1071487177940904,-2.6510136205967925
-0.28023010652684277,-0.38083123763839316,0.5,0.0,-1.1071487177940904,-2.644724145814831
-0.28098395726976044,-0.3794513665494881,0.5,0.0,-1.1071487177940906,-2.6384346710328694
-0.28174647170970296,-0.3780762640465914,0.5,0.0,-1.1071487177940906,-2.632145196250908
-0.2825176196836101,-0.3767059845251314,0.5,0.0,-1.1071487177940906,-2.625855721468946
-0.28329737068690175,-0.37534058218975214,0.5,0.0,-1.1071487177940904,-2.619566246686985
-0.28408569387468485,-0.3739801110521689,0.5,0.0,-1.1071487177940906,-2.6132767719050234
-0.2848825580629731,-0.3726246249290317,0.5,0.0,-1.1071487177940906,-2.606987297123062
-0.2856879317299208,-0.37127417743979685,0.5,0.0,-1.1071487177940906,-2.6006978223411004
-0.2865017830170698,-0.3699288220046053,0.5,0.0,-1.1071487177940906,-2.594408347559139
-0.28732407973060964,-0.36858861184216984,0.5,0.0,-1.1071487177940906,-2.588118872777177
-0.28815478934265093,-0.36725359996766993,0.5,0.0,-1.1071487177940904,-2.5818293979952154
-0.2889938789925124,-0.3659238391906544,0.5,0.0,-1.1071487177940904,-2.575539923213254
-0.28984131548802045,-0.3645993821129525,0.5,0.0,-1.1071487177940904,-2.5692504484312924
-0.2906970653068223,-0.36328028112659316,0.5,0.0,-1.1071487177940906,-2.562960973649331
-0.29156109459771207,-0.36196658841173246,0.5,0.0,-1.1071487177940904,-2.5566714988673693
-0.2924333691819698,-0.3606583559345895,0.5,0.0,-1.1071487177940906,-2.550382024085408
-0.29331385455471337,-0.35935563544539073,0.5,0.0,-1.1071487177940904,-2.5440925493034463
-0.29420251588626367,-0.35805847847632305,0.5,0.0,-1.1071487177940904,-2.537803074521485
-0.2950993180235221,-0.356766936339495,0.5,0.0,-1.1071487177940904,-2.5315135997395233
-0.29600422549136135,-0.3554810601249073,0.5,0.0,-1.1071487177940906,-2.5252241249575613
-0.29691720249402853,-0.3542009006984317,0.5,0.0,-1.1071487177940906,-2.5189346501756003
-0.2978382129165612,-0.35292650869979875,0.5,0.0,-1.1071487177940904,-2.5126451753936387
-0.2987672203262163,-0.3516579345405949,0.5,0.0,-1.1071487177940904,-2.506355700611677
-0.29970418797391063,-0.35039522840226833,0.5,0.0,-1.1071487177940906,-2.5000662258297153
-0.30064907879567526,-0.3491384402341435,0.5,0.0,-1.1071487177940906,-2.4937767510477538
-0.30160185541412127,-0.3478876197514458,0.5,0.0,-1.1071487177940906,-2.4874872762657922
-0.3025624801399185,-0.34664281643333456,0.5,0.0,-1.1071487177940904,-2.4811978014838307
-0.30353091497328627,-0.3454040795209462,0.5,0.0,-1.1071487177940906,-2.474908326701869
-0.30450712160549676,-0.34417145801544585,0.5,0.0,-1.1071487177940906,-2.4686188519199077
-0.3054910614203901,-0.34294500067608946,0.5,0.0,-1.1071487177940906,-2.462329377137946
-0.30648269549590235,-0.34172475601829466,0.5,0.0,-1.1071487177940904,-2.4560399023559842
-0.3074819846056047,-0.34051077231172205,0.5,0.0,-1.1071487177940906,-2.449750427574023
-0.3084888892202555,-0.3393030975783652,0.5,0.0,-1.1071487177940906,-2.443460952792061
-0.30950336950936375,-0.33810177959065146,0.5,0.0,-1.1071487177940904,-2.4371714780100997
-0.31052538534276475,-0.3369068658695523,0.5,0.0,-1.1071487177940906,-2.4308820032281386
-0.3115548962922076,-0.3357184036827029,0.5,0.0,-1.1071487177940906,-2.424592528446177
-0.3125918616329544,-0.334536440042533,0.5,0.0,-1.1071487177940906,-2.418303053664215
-0.31363624034539095,-0.333361021704407,0.5,0.0,-1.1071487177940906,-2.4120135788822537
-0.3146879911166499,-0.33219219516477433,0.5,0.0,-1.1071487177940904,-2.405724104100292
-0.31574707234224464,-0.33103000665933024,0.5,0.0,-1.1071487177940904,-2.3994346293183306
-0.316813442127715,-0.3298745021611869,0.5,0.0,-1.1071487177940904,-2.393145154536369
-0.31788705829028474,-0.3287257273790548,0.5,0.0,-1.1071487177940904,-2.3868556797544076
-0.31896787836053,-0.32758372775543454,0.5,0.0,-1.1071487177940906,-2.380566204972446
-0.32005585958405913,-0.3264485484648194,0.5,0.0,-1.1071487177940906,-2.3742767301904846
-0.3211509589232045,-0.32532023441190816,0.5,0.0,-1.1071487177940906,-2.367987255408523
-0.3222531330587244,-0.32419883022982904,0.5,0.0,-1.1071487177940904,-2.3616977806265615
-0.3233623383915169,-0.32308438027837394,0.5,0.0,-1.1071487177940906,-2.3554083058446
-0.3244785310443443,-0.32197692864224364,0.5,0.0,-1.1071487177940904,-2.3491188310626385
-0.3256016668635693,-0.3208765191293042,0.5,0.0,-1.1071487177940906,-2.3428293562806766
-0.3267317014209007,-0.31978319526885374,0.5,0.0,-1.1071487177940904,-2.336539881498715
-0.32786859001515195,-0.31869700030990067,0.5,0.0,-1.1071487177940904,-2.3302504067167535
-0.3290122876740086,-0.3176179772194529,0.5,0.0,-1.1071487177940906,-2.323960931934792
-0.33016274915580757,-0.3165461686808181,0.5,0.0,-1.1071487177940906,-2.3176714571528305
-0.33131992895132684,-0.31548161709191525,0.5,0.0,-1.1071487177940904,-2.311381982370869
-0.33248378128558564,-0.3144243645635977,0.5,0.0,-1.1071487177940906,-2.3050925075889075
-0.33365426011965515,-0.31337445291798705,0.5,0.0,-1.1071487177940906,-2.298803032806946
-0.33483131915247966,-0.31233192368681895,0.5,0.0,-1.1071487177940906,-2.2925135580249845
-0.33601491182270804,-0.3112968181098003,0.5,0.0,-1.1071487177940904,-2.286224083243023
-0.33720499131053605,-0.31026917713297775,0.5,0.0,-1.1071487177940904,-2.279934608461061
-0.3384015105395577,-0.3092490414071182,0.5,0.0,-1.1071487177940904,-2.2736451336790995
-0.3396044221786279,-0.30823645128610033,0.5,0.0,-1.1071487177940904,-2.267355658897138
-0.34081367864373485,-0.30723144682531883,0.5,0.0,-1.1071487177940904,-2.2610661841151765
-0.34202923209988195,-0.30623406778009965,0.5,0.0,-1.1071487177940906,-2.2547767093332154
-0.34325103446298033,-0.3052443536041272,0.5,0.0,-1.1071487177940904,-2.248487234551254
-0.344479037401751,-0.3042623434478842,0.5,0.0,-1.1071487177940906,-2.242197759769292
-0.34571319233963616,-0.3032880761571025,0.5,0.0,-1.1071487177940904,-2.2359082849873304
-0.34695345045672155,-0.30232159027122657,0.5,0.0,-1.1071487177940904,-2.229618810205369
-0.3481997626916671,-0.3013629240218891,0.5,0.0,-1.1071487177940904,-2.2233293354234074
-0.3494520797436476,-0.30041211533139855,0.5,0.0,-1.1071487177940906,-2.217039860641446
-0.35071035207430346,-0.29946920181123904,0.5,0.0,-1.1071487177940906,-2.210750385859484
-0.3519745299096997,-0.2985342207605827,0.5,0.0,-1.1071487177940904,-2.204460911077523
-0.35324456324229536,-0.297607209164814,0.5,0.0,-1.1071487177940904,-2.198171436295561
-0.3545204018329212,-0.2966882036940668,0.5,0.0,-1.1071487177940906,-2.1918819615135994
-0.35580199521276756,-0.2957772407017737,0.5,0.0,-1.1071487177940906,-2.185592486731638
-0.3570892926853803,-0.2948743562232281,0.5,0.0,-1.1071487177940904,-2.1793030119496763
-0.3583822433286665,-0.2939795859741589,0.5,0.0,-1.1071487177940904,-2.173013537167715
-0.3596807959969087,-0.2930929653493172,0.5,0.0,-1.1071487177940906,-2.1667240623857533
-0.3609848993227881,-0.2922145294210766,0.5,0.0,-1.1071487177940904,-2.160434587603792
-0.36229450171941646,-0.2913443129380457,0.5,0.0,-1.1071487177940904,-2.1541451128218303
-0.363609551382377,-0.2904823503236934,0.5,0.0,-1.1071487177940904,-2.147855638039869
-0.36492999629177325,-0.28962867567498746,0.5,0.0,-1.1071487177940906,-2.1415661632579073
-0.36625578421428706,-0.28878332276104557,0.5,0.0,-1.1071487177940906,-2.1352766884759458
-0.3675868627052449,-0.28794632502179945,0.5,0.0,-1.1071487177940906,-2.1289872136939842
-0.36892317911069206,-0.2871177155666722,0.5,0.0,-1.1071487177940906,-2.1226977389120227
-0.37026468056947603,-0.2862975271732685,0.5,0.0,-1.1071487177940904,-2.116408264130061
-0.3716113140153371,-0.2854857922860781,0.5,0.0,-1.1071487177940904,-2.1101187893480993
-0.3729630261790077,-0.2846825430151923,0.5,0.0,-1.1071487177940904,-2.1038293145661378
-0.37431976359031954,-0.2838878111350338,0.5,0.0,-1.1071487177940906,-2.0975398397841762
-0.3756814725803189,-0.2831016280830997,0.5,0.0,-1.1071487177940904,-2.0912503650022147
-0.37704809928338956,-0.2823240249587181,0.5,0.0,-1.1071487177940904,-2.084960890220253
-0.37841958963938327,-0.2815550325218179,0.5,0.0,-1.1071487177940906,-2.0786714154382917
-0.3797958893957588,-0.2807946811917116,0.5,0.0,-1.1071487177940904,-2.07238194065633
-0.3811769441097275,-0.28004300104589264,0.5,0.0,-1.1071487177940904,-2.0660924658743687
-0.3825626991504073,-0.2793000218188451,0.5,0.0,-1.1071487177940906,-2.059802991092407
-0.38395309970098346,-0.2785657729008677,0.5,0.0,-1.1071487177940906,-2.0535135163104457
-0.3853480907608773,-0.277840283336911,0.5,0.0,-1.1071487177940904,-2.0472240415284837
-0.38674761714792144,-0.27712358182542907,0.5,0.0,-1.1071487177940906,-2.0409345667465226
-0.3881516235005433,-0.2764156967172432,0.5,0.0,-1.1071487177940906,-2.0346450919645607
-0.3895600542799542,-0.2757166560144215,0.5,0.0,-1.1071487177940906,-2.028355617182599
-0.39097285377234725,-0.27502648736917046,0.5,0.0,-1.1071487177940906,-2.0220661424006376
-0.39238996609110044,-0.2743452180827415,0.5,0.0,-1.1071487177940904,-2.015776667618676
-0.39381133517898803,-0.27367287510435084,0.5,0.0,-1.1071487177940906,-2.0094871928367146
-0.39523690481039747,-0.27300948503011346,0.5,0.0,-1.1071487177940904,-2.003197718054753
-0.39666661859355395,-0.2723550741019911,0.5,0.0,-1.1071487177940904,-1.9969082432727916
-0.3981004199727509,-0.2717096682067542,0.5,0.0,-1.1071487177940904,-1.99061876849083
-0.3995382522305872,-0.27107329287495774,0.5,0.0,-1.1071487177940906,-1.9843292937088686
-0.4009800584902108,-0.2704459732799315,0.5,0.0,-1.1071487177940904,-1.9780398189269068
-0.4024257817175686,-0.26982773423678424,0.5,0.0,-1.1071487177940906,-1.9717503441449455
-0.4038753647236627,-0.26921860020142196,0.5,0.0,-1.1071487177940906,-1.965460869362984
-0.4053287501668124,-0.26861859526958054,0.5,0.0,-1.1071487177940904,-1.9591713945810225
-0.4067858805549228,-0.26802774317587263,0.5,0.0,-1.1071487177940904,-1.9528819197990608
-0.40824669824775867,-0.2674460672928489,0.5,0.0,-1.1071487177940904,-1.946592445017099
-0.4097111454592247,-0.26687359063007315,0.5,0.0,-1.1071487177940904,-1.9403029702351375
-0.41117916425965156,-0.2663103358332123,0.5,0.0,-1.1071487177940906,-1.9340134954531762
-0.41265069657808723,-0.2657563251831405,0.5,0.0,-1.1071487177940906,-1.9277240206712147
-0.41412568420459417,-0.2652115805950581,0.5,0.0,-1.1071487177940906,-1.921434545889253
-0.41560406879255185,-0.2646761236176242,0.5,0.0,-1.1071487177940904,-1.9151450711072917
-0.4170857918609652,-0.2641499754321047,0.5,0.0,-1.1071487177940906,-1.90885559632533
-0.41857079479677733,-0.26363315685153416,0.5,0.0,-1.1071487177940906,-1.9025661215433685
-0.42005901885718866,-0.2631256883198926,0.5,0.0,-1.1071487177940906,-1.896276646761407
-0.4215504051719803,-0.26262758991129664,0.5,0.0,-1.1071487177940904,-1.8899871719794454
-0.423044894745843,-0.2621388813292058,0.5,0.0,-1.1071487177940904,-1.883697697197484
-0.4245424284607108,-0.26165958190564265,0.5,0.0,-1.1071487177940904,-1.8774082224155222
-0.42604294707809937,-0.2611897106004283,0.5,0.0,-1.1071487177940904,-1.8711187476335607
-0.42754639124144966,-0.2607292860004323,0.5,0.0,-1.1071487177940906,-1.8648292728515992
-0.42905270147847574,-0.26027832631883757,0.5,0.0,-1.1071487177940904,-1.8585397980696376
-0.43056181820351735,-0.25983684939441976,0.5,0.0,-1.1071487177940906,-1.852250323287676
-0.4320736817198968,-0.25940487269084167,0.5,0.0,-1.1071487177940906,-1.8459608485057146
-0.4335882322222809,-0.2589824132959624,0.5,0.0,-1.1071487177940906,-1.8396713737237531
-0.43510540979904605,-0.25856948792116136,0.5,0.0,-1.1071487177940904,-1.8333818989417914
-0.4366251544346488,-0.2581661129006775,0.5,0.0,-1.1071487177940906,-1.8270924241598299
-0.43814740601199936,-0.25777230419096264,0.5,0.0,-1.1071487177940906,-1.8208029493778684
-0.43967210431484016,-0.25738807737005076,0.5,0.0,-1.1071487177940906,-1.8145134745959066
-0.44119918903012745,-0.2570134476369416,0.5,0.0,-1.1071487177940906,-1.8082239998139453
-0.44272859975041745,-0.25664842981099933,0.5,0.0,-1.1071487177940904,-1.8019345250319838
-0.44426027597625567,-0.25629303833136646,0.5,0.0,-1.1071487177940904,-1.795645050250022
-0.4457941571185702,-0.2559472872563926,0.5,0.0,-1.1071487177940904,-1.7893555754680606
-0.4473301825010684,-0.25561119026307844,0.5,0.0,-1.1071487177940904,-1.783066100686099
-0.44886829136263723,-0.2552847606465346,0.5,0.0,-1.1071487177940904,-1.7767766259041375
-0.45040842285974675,-0.2549680113194559,0.5,0.0,-1.1071487177940906,-1.7704871511221758
-0.4519505160688567,-0.2546609548116101,0.5,0.0,-1.1071487177940904,-1.7641976763402145
-0.45349450998882695,-0.25436360326934304,0.5,0.0,-1.1071487177940904,-1.7579082015582528
-0.45504034354333,-0.2540759684550975,0.5,0.0,-1.1071487177940906,-1.7516187267762913
-0.45658795558326737,-0.25379806174694797,0.5,0.0,-1.1071487177940904,-1.7453292519943298
-0.4581372848891884,-0.2535298941381511,0.5,0.0,-1.1071487177940906,-1.739039777212368
-0.4596882701737119,-0.25327147623671,0.5,0.0,-1.1071487177940904,-1.7327503024304067
-0.4612408500839505,-0.2530228182649555,0.5,0.0,-1.1071487177940904,-1.726460827648445
-0.4627949632039377,-0.25278393005914107,0.5,0.0,-1.1071487177940906,-1.7201713528664835
-0.4643505480570572,-0.25255482106905414,0.5,0.0,-1.1071487177940904,-1.7138818780845222
-0.465907543108475,-0.2523355003576421,0.5,0.0,-1.1071487177940904,-1.7075924033025605
-0.46746588676757306,-0.25212597660065383,0.5,0.0,-1.1071487177940906,-1.701302928520599
-0.46902551739038617,-0.2519262580862966,0.5,0.0,-1.1071487177940904,-1.6950134537386374
-0.47058637328204034,-0.2517363527149081,0.5,0.0,-1.1071487177940904,-1.6887239789566757
-0.4721483926991929,-0.25155626799864395,0.5,0.0,-1.1071487177940904,-1.6824345041747142
-0.47371151385247534,-0.25138601106118064,0.5,0.0,-1.1071487177940906,-1.676145029392753
-0.4752756749089375,-0.2512255886374335,0.5,0.0,-1.1071487177940904,-1.6698555546107912
-0.47684081399449313,-0.25107500707329056,0.5,0.0,-1.1071487177940904,-1.6635660798288296
-0.4784068691963679,-0.2509342723253614,0.5,0.0,-1.1071487177940906,-1.657276605046868
-0.4799737785655482,-0.2508033899607415,0.5,0.0,-1.1071487177940906,-1.6509871302649066
-0.481541480119232,-0.2506823651567918,0.5,0.0,-1.1071487177940906,-1.6446976554829449
-0.48310991184328034,-0.25057120270093464,0.5,0.0,-1.1071487177940904,-1.6384081807009836
-0.4846790116946709,-0.25046990699046345,0.5,0.0,-1.1071487177940906,-1.6321187059190216
-0.4862487176039517,-0.2503784820323694,0.5,0.0,-1.1071487177940904,-1.6258292311370601
-0.48781896747769693,-0.2502969314431827,0.5,0.0,-1.1071487177940904,-1.6195397563550988
-0.48938969920096287,-0.25022525844882965,0.5,0.0,-1.1071487177940904,-1.6132502815731373
-0.4909608506397452,-0.2501634658845048,0.5,0.0,-1.1071487177940904,-1.6069608067911756
-0.49253235964343667,-0.25011155619455905,0.5,0.0,-1.1071487177940906,-1.600671332009214
-0.4941041640472857,-0.25006953143240285,0.5,0.0,-1.1071487177940906,-1.5943818572272528
-0.49567620167485565,-0.2500373932604249,0.5,0.0,-1.1071487177940904,-1.5880923824452908
-0.4972484103404838,-0.25001514294992655,0.5,0.0,-1.1071487177940904,-1.5818029076633295
-0.4988207278517419,-0.25000278138107146,0.5,0.0,-1.1071487177940904,-1.575513432881368
-0.5003930920118961,-0.25000030904285064,0.5,0.0,-1.1071487177940904,-1.5692239580994065
-0.501965440622367,-0.2500077260330633,0.5,0.0,-1.1071487177940906,-1.5629344833174448
-0.5035377114851904,-0.2500250320583128,0.5,0.0,-1.1071487177940904,-1.5566450085354835
-0.5051098424054778,-0.2500522264340185,0.5,0.0,-1.1071487177940906,-1.5503555337535218
-0.5066817711938761,-0.2500893080844425,0.5,0.0,-1.1071487177940904,-1.5440660589715602
-0.5082534356690284,-0.25013627554273266,0.5,0.0,-1.1071487177940904,-1.5377765841895985
-0.5098247736600328,-0.25019312695098017,0.5,0.0,-1.1071487177940906,-1.5314871094076372
-0.5113957230089028,-0.2502598600602931,0.5,0.0,-1.1071487177940904,-1.5251976346256755
-0.5129662215730252,-0.25033647223088584,0.5,0.0,-1.1071487177940904,-1.5189081598437142
-0.5145362072276188,-0.25042296043218293,0.5,0.0,-1.1071487177940904,-1.512618685061753
-0.516105617868192,-0.2505193212429392,0.5,0.0,-1.1071487177940904,-1.506329210279791
-0.5176743914129986,-0.25062555085137506,0.5,0.0,-1.1071487177940904,-1.5000397354978292
-0.5192424658054948,-0.2507416450553275,0.5,0.0,-1.1071487177940906,-1.4937502607158677
-0.5208097790167932,-0.2508675992624158,0.5,0.0,-1.1071487177940904,-1.4874607859339062
-0.5223762690481166,-0.2510034084902239,0.5,0.0,-1.1071487177940904,-1.4811713111519447
-0.5239418739332509,-0.2511490673664969,0.5,0.0,-1.1071487177940906,-1.4748818363699834
-0.525506531740996,-0.2513045701293537,0.5,0.0,-1.1071487177940906,-1.4685923615880214
-0.5270701805776155,-0.25146991062751517,0.5,0.0,-1.1071487177940904,-1.46230288680606
-0.5286327585892852,-0.25164508232054733,0.5,0.0,-1.1071487177940906,-1.4560134120240986
-0.5301942039645402,-0.25183007827911996,0.5,0.0,-1.1071487177940906,-1.449723937242137
-0.5317544549367197,-0.25202489118528076,0.5,0.0,-1.1071487177940904,-1.4434344624601754
-0.5333134497864098,-0.25222951333274507,0.5,0.0,-1.1071487177940904,-1.437144987678214
-0.5348711268438864,-0.2524439366272003,0.5,0.0,-1.1071487177940904,-1.4308555128962523
-0.5364274244915528,-0.2526681525866266,0.5,0.0,-1.1071487177940906,-1.4245660381142908
-0.5379822811663789,-0.2529021523416318,0.5,0.0,-1.1071487177940904,-1.418276563332329
-0.5395356353623352,-0.25314592663580276,0.5,0.0,-1.1071487177940906,-1.4119870885503676
-0.5410874256328265,-0.2533994658260713,0.5,0.0,-1.1071487177940904,-1.405697613768406
-0.5426375905931223,-0.25366275988309583,0.5,0.0,-1.1071487177940904,-1.3994081389864448
-0.5441860689227853,-0.2539357983916578,0.5,0.0,-1.1071487177940904,-1.3931186642044833
-0.5457327993680966,-0.25421857055107394,0.5,0.0,-1.1071487177940906,-1.3868291894225215
-0.547277720744479,-0.25451106517562333,0.5,0.0,-1.1071487177940904,-1.38053971464056
-0.5488207719389174,-0.25481327069499005,0.5,0.0,-1.1071487177940904,-1.3742502398585985
-0.5503618919123763,-0.2551251751547209,0.5,0.0,-1.1071487177940904,-1.3679607650766368
-0.5519010197022137,-0.2554467662166979,0.5,0.0,-1.1071487177940904,-1.3616712902946755
-0.5534380944245938,-0.25577803115962683,0.5,0.0,-1.1071487177940904,-1.3553818155127142
-0.5549730552768944,-0.25611895687954034,0.5,0.0,-1.1071487177940906,-1.349092340730752
-0.5565058415401123,-0.2564695298903159,0.5,0.0,-1.1071487177940904,-1.3428028659487905
-0.5580363925812654,-0.25682973632420997,0.5,0.0,-1.1071487177940906,-1.336513391166829
-0.5595646478557912,-0.2571995619324059,0.5,0.0,-1.1071487177940904,-1.3302239163848677
-0.5610905469099416,-0.2575789920855781,0.5,0.0,-1.1071487177940906,-1.3239344416029062
-0.5626140293831745,-0.25796801177447026,0.5,0.0,-1.1071487177940904,-1.317644966820945
-0.5641350350105412,-0.25836660561048963,0.5,0.0,-1.1071487177940904,-1.3113554920389832
-0.5656535036250705,-0.2587747578263152,0.5,0.0,-1.1071487177940904,-1.3050660172570212
-0.5671693751601486,-0.2591924522765219,0.5,0.0,-1.1071487177940906,-1.2987765424750595
-0.5686825896518957,-0.2596196724382186,0.5,0.0,-1.1071487177940904,-1.2924870676930984
-0.5701930872415373,-0.2600564014117027,0.5,0.0,-1.1071487177940904,-1.2861975929111369
-0.5717008081777725,-0.2605026219211278,0.5,0.0,-1.1071487177940906,-1.2799081181291754
-0.5732056928191376,-0.26095831631518723,0.5,0.0,-1.1071487177940904,-1.2736186433472136
-0.5747076816363649,-0.2614234665678128,0.5,0.0,-1.1071487177940906,-1.2673291685652521
-0.5762067152147383,-0.2618980542788871,0.5,0.0,-1.1071487177940904,-1.2610396937832904
-0.5777027342564427,-0.2623820606749721,0.5,0.0,-1.1071487177940906,-1.254750219001329
-0.5791956795829106,-0.2628754666100512,0.5,0.0,-1.1071487177940904,-1.2484607442193676
-0.5806854921371623,-0.2633782525662869,0.5,0.0,-1.1071487177940906,-1.242171269437406
-0.5821721129861421,-0.26389039865479275,0.5,0.0,-1.1071487177940904,-1.2358817946554446
-0.5836554833230503,-0.26441188461642035,0.5,0.0,-1.1071487177940906,-1.2295923198734828
-0.5851355444696684,-0.26494268982256025,0.5,0.0,-1.1071487177940904,-1.223302845091521
-0.5866122378786809,-0.26548279327595853,0.5,0.0,-1.1071487177940904,-1.2170133703095596
-0.588085505135991,-0.26603217361154696,0.5,0.0,-1.1071487177940906,-1.2107238955275983
-0.5895552879630318,-0.26659080909728844,0.5,0.0,-1.1071487177940904,-1.2044344207456368
-0.5910215282190708,-0.2671586776350364,0.5,0.0,-1.1071487177940906,-1.1981449459636755
-0.5924841679035108,-0.26773575676140926,0.5,0.0,-1.1071487177940904,-1.1918554711817135
-0.593943149158183,-0.26832202364867874,0.5,0.0,-1.1071487177940906,-1.185565996399752
-0.5953984142696371,-0.2689174551056729,0.5,0.0,-1.1071487177940904,-1.1792765216177903
-0.5968499056714233,-0.2695220275786937,0.5,0.0,-1.1071487177940904,-1.1729870468358288
-0.5982975659463697,-0.27013571715244866,0.5,0.0,-1.1071487177940906,-1.166697572053867
-0.5997413378288541,-0.2707584995509966,0.5,0.0,-1.1071487177940904,-1.1604080972719057
-0.6011811642070684,-0.27139035013870855,0.5,0.0,-1.1071487177940904,-1.1541186224899442
-0.6026169881252784,-0.27203124392124156,0.5,0.0,-1.1071487177940906,-1.1478291477079827
-0.6040487527860768,-0.27268115554652783,0.5,0.0,-1.1071487177940904,-1.1415396729260212
-0.6054764015526298,-0.27334005930577765,0.5,0.0,-1.1071487177940904,-1.1352501981440595
-0.6068998779509173,-0.27400792913449595,0.5,0.0,-1.1071487177940904,-1.128960723362098
-0.6083191256719671,-0.2746847386135138,0.5,0.0,-1.1071487177940904,-1.1226712485801364
-0.6097340885740826,-0.27537046097003315,0.5,0.0,-1.1071487177940904,-1.116381773798175
-0.6111447106850632,-0.2760650690786861,0.5,0.0,-1.1071487177940904,-1.1100922990162132
-0.6125509362044183,-0.2767685354626078,0.5,0.0,-1.1071487177940904,-1.103802824234252
-0.6139527095055752,-0.27748083229452347,0.5,0.0,-1.1071487177940904,-1.0975133494522904
-0.6153499751380792,-0.27820193139784893,0.5,0.0,-1.1071487177940904,-1.091223874670329
-0.616742677829787,-0.27893180424780556,0.5,0.0,-1.1071487177940906,-1.0849343998883672
-0.618130762489053,-0.2796704219725482,0.5,0.0,-1.1071487177940904,-1.0786449251064056
-0.619514174206909,-0.2804177553543078,0.5,0.0,-1.1071487177940904,-1.072355450324444
-0.6208928582592361,-0.28117377483054673,0.5,0.0,-1.1071487177940904,-1.0660659755424824
-0.6222667601089292,-0.28193845049512845,0.5,0.0,-1.1071487177940906,-1.0597765007605207
-0.6236358254080546,-0.2827117520995003,0.5,0.0,-1.1071487177940906,-1.0534870259785596
-0.625,-0.2834936490538903,0.5,0.0,-1.1071487177940904,-1.0471975511965979
-0.6263592299216161,-0.2842841104285172,0.5,0.0,-1.1071487177940904,-1.0409080764146363
-0.6277134614053521,-0.28508310495481365,0.5,0.0,-1.1071487177940904,-1.0346186016326748
-0.6290626408813821,-0.2858906010266635,0.5,0.0,-1.1071487177940906,-1.0283291268507135
-0.6304067149797243,-0.28670656670165173,0.5,0.0,-1.1071487177940904,-1.022039652068752
-0.6317456305323523,-0.28753096970232833,0.5,0.0,-1.1071487177940904,-1.0157501772867903
-0.6330793345752979,-0.2883637774174848,0.5,0.0,-1.1071487177940906,-1.009460702504829
-0.6344077743507468,-0.2892049569034444,0.5,0.0,-1.1071487177940904,-1.0031712277228668
-0.6357308973091248,-0.29005447488536507,0.5,0.0,-1.1071487177940906,-0.9968817529409055
-0.6370486511111775,-0.290912297758556,0.5,0.0,-1.1071487177940904,-0.9905922781589437
-0.6383609836300396,-0.2917783915898066,0.5,0.0,-1.1071487177940906,-0.9843028033769825
-0.639667842953298,-0.2926527221187293,0.5,0.0,-1.1071487177940904,-0.9780133285950207
-0.6409691773850444,-0.2935352547591142,0.5,0.0,-1.1071487177940904,-0.9717238538130594
-0.6422649354479208,-0.29442595460029763,0.5,0.0,-1.1071487177940906,-0.965434379031098
-0.6435550658851559,-0.295324786408543,0.5,0.0,-1.1071487177940906,-0.9591449042491361
-0.6448395176625916,-0.2962317146284344,0.5,0.0,-1.1071487177940906,-0.952855429467175
-0.6461182399707037,-0.2971467033842835,0.5,0.0,-1.1071487177940904,-0.9465659546852131
-0.6473911822266097,-0.29806971648154823,0.5,0.0,-1.1071487177940904,-0.9402764799032519
-0.6486582940760716,-0.29900071740826484,0.5,0.0,-1.1071487177940906,-0.9339870051212903
-0.6499195253954861,-0.29993966933649197,0.5,0.0,-1.1071487177940906,-0.9276975303393286
-0.6511748262938688,-0.30088653512376773,0.5,0.0,-1.1071487177940906,-0.9214080555573669
-0.6524241471148267,-0.30184127731457877,0.5,0.0,-1.1071487177940906,-0.9151185807754055
-0.653667438438523,-0.30280385814184213,0.5,0.0,-1.1071487177940906,-0.9088291059934439
-0.6549046510836322,-0.3037742395283989,0.5,0.0,-1.1071487177940906,-0.9025396312114822
-0.6561357361092847,-0.3047523830885206,0.5,0.0,-1.1071487177940906,-0.8962501564295209
-0.657360644817004,-0.30573825012942785,0.5,0.0,-1.1071487177940904,-0.889960681647559
-0.6585793287526318,-0.30673180165282055,0.5,0.0,-1.1071487177940906,-0.8836712068655979
-0.6597917397082462,-0.30773299835642076,0.5,0.0,-1.1071487177940904,-0.8773817320836361
-0.6609978297240671,-0.3087418006355275,0.5,0.0,-1.1071487177940904,-0.8710922573016746
-0.6621975510903543,-0.30975816858458305,0.5,0.0,-1.1071487177940904,-0.8648027825197131
-0.6633908563492947,-0.310782061998752,0.5,0.0,-1.1071487177940906,-0.8585133077377517
-0.6645776982968796,-0.31181344037551123,0.5,0.0,-1.1071487177940906,-0.8522238329557902
-0.6657580299847716,-0.31285226291625234,0.5,0.0,-1.1071487177940906,-0.8459343581738283
-0.6669318047221621,-0.31389848852789526,0.5,0.0,-1.1071487177940906,-0.8396448833918668
-0.6680989760776181,-0.3149520758245141,0.5,0.0,-1.1071487177940904,-0.833355408609905
-0.6692594978809191,-0.31601298312897413,0.5,0.0,-1.1071487177940904,-0.8270659338279436
-0.6704133242248832,-0.3170811684745804,0.5,0.0,-1.1071487177940904,-0.8207764590459822
-0.6715604094671834,-0.31815658960673776,0.5,0.0,-1.1071487177940904,-0.8144869842640206
-0.6727007082321527,-0.31923920398462263,0.5,0.0,-1.1071487177940906,-0.8081975094820592
-0.6738341754125794,-0.3203289687828654,0.5,0.0,-1.1071487177940906,-0.8019080347000977
-0.6749607661714913,-0.3214258408932447,0.5,0.0,-1.1071487177940906,-0.7956185599181361
-0.676080435943929,-0.3225297769263928,0.5,0.0,-1.1071487177940906,-0.7893290851361748
-0.6771931404387095,-0.32364073321351167,0.5,0.0,-1.1071487177940906,-0.7830396103542132
-0.6782988356401775,-0.32475866580810053,0.5,0.0,-1.1071487177940904,-0.7767501355722518
-0.6793974778099469,-0.3258835304876945,0.5,0.0,-1.1071487177940906,-0.7704606607902902
-0.6804890234886312,-0.3270152827556134,0.5,0.0,-1.1071487177940904,-0.7641711860083281
-0.6815734294975617,-0.32815387784272243,0.5,0.0,-1.1071487177940906,-0.7578817112263666
-0.6826506529404972,-0.32929927070920273,0.5,0.0,-1.1071487177940904,-0.7515922364444049
-0.6837206512053189,-0.3304514160463334,0.5,0.0,-1.1071487177940906,-0.7453027616624438
-0.6847833819657178,-0.3316102682782835,0.5,0.0,-1.1071487177940904,-0.7390132868804821
-0.6858388031828675,-0.3327757815639151,0.5,0.0,-1.1071487177940904,-0.7327238120985206
-0.6868868731070883,-0.33394790979859645,0.5,0.0,-1.1071487177940906,-0.7264343373165592
-0.6879275502794983,-0.335126606616026,0.5,0.0,-1.1071487177940906,-0.7201448625345974
-0.6889607935336529,-0.3363118253900662,0.5,0.0,-1.1071487177940906,-0.7138553877526361
-0.6899865619971743,-0.3375035192365883,0.5,0.0,-1.1071487177940904,-0.7075659129706744
-0.6910048150933673,-0.33870164101532657,0.5,0.0,-1.1071487177940904,-0.7012764381887129
-0.6920155125428249,-0.3399061433317434,0.5,0.0,-1.1071487177940904,-0.6949869634067513
-0.6930186143650214,-0.3411169785389039,0.5,0.0,-1.1071487177940906,-0.6886974886247901
-0.6940140808798947,-0.3423340987393607,0.5,0.0,-1.1071487177940906,-0.682408013842828
-0.6950018727094145,-0.34355745578704855,0.5,0.0,-1.1071487177940906,-0.6761185390608666
-0.6959819507791414,-0.34478700128918904,0.5,0.0,-1.1071487177940906,-0.6698290642789052
-0.6969542763197717,-0.34602268660820507,0.5,0.0,-1.1071487177940904,-0.6635395894969434
-0.6979188108686714,-0.3472644628636442,0.5,0.0,-1.1071487177940904,-0.657250114714982
-0.6988755162713974,-0.3485122809341129,0.5,0.0,-1.1071487177940904,-0.6509606399330206
-0.6998243546832075,-0.3497660914592192,0.5,0.0,-1.1071487177940906,-0.6446711651510589
-0.7007652885705564,-0.35102584484152555,0.5,0.0,-1.1071487177940904,-0.6383816903690971
-0.701698280712581,-0.35229149124851045,0.5,0.0,-1.1071487177940906,-0.6320922155871359
-0.702623294202573,-0.35356298061454006,0.5,0.0,-1.1071487177940904,-0.6258027408051744
-0.7035402924494382,-0.3548402626428485,0.5,0.0,-1.1071487177940904,-0.6195132660232129
-0.7044492391791444,-0.3561232868075274,0.5,0.0,-1.1071487177940906,-0.6132237912412514
-0.7053500984361563,-0.3574120023555245,0.5,0.0,-1.1071487177940904,-0.60693431645929
-0.7062428345848575,-0.3587063583086518,0.5,0.0,-1.1071487177940906,-0.600644841677328
-0.7071274123109605,-0.36000630346560114,0.5,0.0,-1.1071487177940904,-0.5943553668953663
-0.7080037966229034,-0.36131178640397066,0.5,0.0,-1.1071487177940904,-0.588065892113405
-0.7088719528532341,-0.36262275548229844,0.5,0.0,-1.1071487177940904,-0.5817764173314433
-0.7097318466599818,-0.3639391588421052,0.5,0.0,-1.1071487177940906,-0.5754869425494819
-0.7105834440280154,-0.36526094440994583,0.5,0.0,-1.1071487177940904,-0.5691974677675203
-0.7114267112703889,-0.36658805989946935,0.5,0.0,-1.1071487177940906,-0.5629079929855589
-0.7122616150296744,-0.36792045281348706,0.5,0.0,-1.1071487177940904,-0.5566185182035973
-0.713088122279281,-0.3692580704460493,0.5,0.0,-1.1071487177940904,-0.5503290434216358
-0.7139062003247616,-0.3706008598845303,0.5,0.0,-1.1071487177940904,-0.5440395686396744
-0.7147158168051064,-0.37194876801172133,0.5,0.0,-1.1071487177940906,-0.5377500938577128
-0.7155169396940229,-0.3733017415079318,0.5,0.0,-1.1071487177940904,-0.5314606190757512
-0.7163095373012021,-0.37465972685309845,0.5,0.0,-1.1071487177940904,-0.5251711442937895
-0.7170935782735731,-0.37602267032890263,0.5,0.0,-1.1071487177940906,-0.5188816695118278
-0.717869031596543,-0.37739051802089485,0.5,0.0,-1.1071487177940906,-0.5125921947298664
-0.7186358665952235,-0.378763215820628,0.5,0.0,-1.1071487177940906,-0.506302719947905
-0.7193940529356444,-0.38014070942779754,0.5,0.0,-1.1071487177940904,-0.5000132451659431
-0.7201435606259536,-0.38152294435238915,0.5,0.0,-1.1071487177940904,-0.4937237703839818
-0.7208843600176038,-0.3829098659168348,0.5,0.0,-1.1071487177940904,-0.48743429560202023
-0.7216164218065246,-0.3843014192581752,0.5,0.0,-1.1071487177940904,-0.4811448208200587
-0.7223397170342826,-0.38569754933023015,0.5,0.0,-1.1071487177940904,-0.47485534603809715
-0.7230542170892259,-0.3870982009057762,0.5,0.0,-1.1071487177940906,-0.46856587125613564
-0.723759893707617,-0.3885033185787309,0.5,0.0,-1.1071487177940904,-0.46227639647417423
-0.7244567189747497,-0.3899128467663451,0.5,0.0,-1.1071487177940906,-0.45598692169221267
-0.7251446653260545,-0.391326729711401,0.5,0.0,-1.1071487177940906,-0.4496974469102512
-0.7258237055481881,-0.39274491148441837,0.5,0.0,-1.1071487177940904,-0.4434079721282892
-0.7264938127801099,-0.3941673359858664,0.5,0.0,-1.1071487177940906,-0.4371184973463276
-0.7271549605141454,-0.39559394694838323,0.5,0.0,-1.1071487177940906,-0.4308290225643662
-0.727807122597034,-0.3970246879390018,0.5,0.0,-1.1071487177940904,-0.42453954778240455
-0.7284502732309632,-0.39845950236138183,0.5,0.0,-1.1071487177940906,-0.4182500730004433
-0.7290843869745908,-0.399898333458049,0.5,0.0,-1.1071487177940904,-0.4119605982184816
-0.729709438744049,-0.40134112431263974,0.5,0.0,-1.1071487177940904,-0.40567112343652
-0.7303254038139385,-0.40278781785215306,0.5,0.0,-1.1071487177940904,-0.39938164865455855
-0.7309322578183056,-0.404238356849208,0.5,0.0,-1.1071487177940904,-0.3930921738725971
-0.7315299767516065,-0.40569268392430746,0.5,0.0,-1.1071487177940904,-0.3868026990906354
-0.7321185369696563,-0.4071507415481079,0.5,0.0,-1.1071487177940906,-0.3805132243086741
-0.7326979151905655,-0.4086124720436951,0.5,0.0,-1.1071487177940904,-0.3742237495267127
-0.7332680884956593,-0.41007781758886597,0.5,0.0,-1.1071487177940906,-0.36793427474475104
-0.7338290343303857,-0.4115467202184153,0.5,0.0,-1.1071487177940904,-0.36164479996278903
-0.7343807305052068,-0.41301912182642897,0.5,0.0,-1.1071487177940906,-0.35535532518082774
-0.7349231551964771,-0.4144949641685828,0.5,0.0,-1.1071487177940904,-0.349065850398866
-0.7354562869473062,-0.4159741888644459,0.5,0.0,-1.1071487177940904,-0.34277637561690455
-0.7359801046684082,-0.4174567373997907,0.5,0.0,-1.1071487177940904,-0.3364869008349431
-0.7364945876389356,-0.4189425511289072,0.5,0.0,-1.1071487177940904,-0.3301974260529814
-0.7369997155072988,-0.42043157127692277,0.5,0.0,-1.1071487177940904,-0.3239079512710201
-0.7374954682919718,-0.42192373894212754,0.5,0.0,-1.1071487177940904,-0.3176184764890585
-0.7379818263822816,-0.42341899509830405,0.5,0.0,-1.1071487177940904,-0.311329001707097
-0.7384587705391851,-0.4249172805970623,0.5,0.0,-1.1071487177940906,-0.3050395269251354
-0.7389262818960292,-0.42641853617017944,0.5,0.0,-1.1071487177940906,-0.29875005214317407
-0.7393843419592977,-0.4279227024319444,0.5,0.0,-1.1071487177940904,-0.2924605773612125
-0.7398329326093425,-0.42942971988150697,0.5,0.0,-1.1071487177940906,-0.28617110257925094
-0.7402720361011007,-0.43093952890523135,0.5,0.0,-1.1071487177940904,-0.2798816277972891
-0.7407016350647961,-0.4324520697790544,0.5,0.0,-1.1071487177940904,-0.27359215301532747
-0.7411217125066267,-0.4339672826708484,0.5,0.0,-1.1071487177940906,-0.26730267823336595
-0.7415322518094369,-0.43548510764278736,0.5,0.0,-1.1071487177940906,-0.2610132034514046
-0.7419332367333746,-0.43700548465371863,0.5,0.0,-1.1071487177940906,-0.25472372866944304
-0.7423246514165338,-0.43852835356153735,0.5,0.0,-1.1071487177940906,-0.2484342538874815
-0.7427064803755818,-0.4400536541255659,0.5,0.0,-1.1071487177940906,-0.24214477910552004
-0.7430787085063723,-0.4415813260089368,0.5,0.0,-1.1071487177940904,-0.23585530432355845
-0.7434413210845416,-0.4431113087809793,0.5,0.0,-1.1071487177940906,-0.22956582954159688
-0.743794303766093,-0.4446435419196101,0.5,0.0,-1.1071487177940906,-0.2232763547596355
-0.7441376425879623,-0.4461779648137273,0.5,0.0,-1.1071487177940904,-0.21698687997767388
-0.7444713239685712,-0.44771451676560803,0.5,0.0,-1.1071487177940906,-0.21069740519571245
-0.7447953347083645,-0.44925313699330954,0.5,0.0,-1.1071487177940904,-0.2044079304137508
-0.7451096619903317,-0.45079376463307363,0.5,0.0,-1.1071487177940904,-0.19811845563178881
-0.7454142933805146,-0.45233633874173385,0.5,0.0,-1.1071487177940904,-0.19182898084982725
-0.7457092168284987,-0.45388079829912686,0.5,0.0,-1.1071487177940906,-0.18553950606786587
-0.7459944206678903,-0.455427082210506,0.5,0.0,-1.1071487177940906,-0.17925003128590428
-0.7462698936167779,-0.4569751293089577,0.5,0.0,-1.1071487177940904,-0.17296055650394287
-0.7465356247781778,-0.4585248783578216,0.5,0.0,-1.1071487177940906,-0.16667108172198142
-0.7467916036404665,-0.4600762680531126,0.5,0.0,-1.1071487177940904,-0.16038160694001968
-0.7470378200777948,-0.4616292370259458,0.5,0.0,-1.1071487177940906,-0.15409213215805836
-0.7472742643504904,-0.4631837238449646,0.5,0.0,-1.1071487177940904,-0.14780265737609682
-0.7475009271054409,-0.46473966701877006,0.5,0.0,-1.1071487177940906,-0.14151318259413528
-0.7477177993764659,-0.4662970049983538,0.5,0.0,-1.1071487177940906,-0.13522370781217385
-0.7479248725846701,-0.4678556761795327,0.5,0.0,-1.1071487177940906,-0.12893423303021223
-0.7481221385387837,-0.4694156189053857,0.5,0.0,-1.1071487177940906,-0.12264475824825023
-0.7483095894354858,-0.47097677146869243,0.5,0.0,-1.1071487177940906,-0.11635528346628868
-0.7484872178597131,-0.47253907211437496,0.5,0.0,-1.1071487177940906,-0.11006580868432725
-0.7486550167849537,-0.47410245904194015,0.5,0.0,-1.1071487177940904,-0.10377633390236563
-0.7488129795735248,-0.47566687040792427,0.5,0.0,-1.1071487177940904,-0.09748685912040429
-0.7489610999768349,-0.4772322443283397,0.5,0.0,-1.1071487177940904,-0.09119738433844275
-0.7490993721356316,-0.4787985188811226,0.5,0.0,-1.1071487177940904,-0.08490790955648121
-0.749227790580233,-0.4803656321085825,0.5,0.0,-1.1071487177940904,-0.07861843477451964
-0.749346350230744,-0.4819335220198532,0.5,0.0,-1.1071487177940906,-0.0723289599925581
-0.7494550463972577,-0.4835021265933448,0.5,0.0,-1.1071487177940904,-0.06603948521059658
-0.7495538747800402,-0.4850713837791974,0.5,0.0,-1.1071487177940904,-0.05975001042863523
-0.7496428314697015,-0.48664123150173555,0.5,0.0,-1.1071487177940906,-0.05346053564667354
-0.7497219129473495,-0.48821160766192345,0.5,0.0,-1.1071487177940904,-0.04717106086471213
-0.7497911160847295,-0.4897824501398221,0.5,0.0,-1.1071487177940904,-0.04088158608275016
-0.7498504381443478,-0.49135369679704566,0.5,0.0,-1.1071487177940906,-0.03459211130078857
-0.7498998767795804,-0.49292528547922043,0.5,0.0,-1.1071487177940906,-0.02830263651882715
-0.7499394300347652,-0.4944971540184431,0.5,0.0,-1.1071487177940904,-0.022013161736865555
-0.7499690963452796,-0.4960692402357397,0.5,0.0,-1.1071487177940904,-0.01572368695490418
-0.7499888745376028,-0.49764148194352575,0.5,0.0,-1.1071487177940904,-0.009434212172942548
-0.7499987638293615,-0.4992138169480658,0.5,0.0,-1.1071487177940904,-0.0031447373909811137
-0.7499987638293615,-0.500786183051934,0.5,0.0,-1.1071487177940904,0.0031447373909804476
-0.7499888745376028,-0.5023585180564741,0.5,0.0,-1.1071487177940904,0.009434212172942104
-0.7499690963452796,-0.5039307597642602,0.5,0.0,-1.1071487177940904,0.015723686954903515
-0.7499394300347652,-0.5055028459815568,0.5,0.0,-1.1071487177940904,0.022013161736865114
-0.7498998767795804,-0.5070747145207793,0.5,0.0,-1.1071487177940906,0.028302636518826262
-0.7498504381443478,-0.5086463032029542,0.5,0.0,-1.1071487177940906,0.034592111300788125
-0.7497911160847295,-0.5102175498601779,0.5,0.0,-1.1071487177940904,0.040881586082749936
-0.7497219129473495,-0.5117883923380764,0.5,0.0,-1.1071487177940904,0.04717106086471146
-0.7496428314697015,-0.5133587684982643,0.5,0.0,-1.1071487177940906,0.053460535646673094
-0.7495538747800402,-0.5149286162208024,0.5,0.0,-1.1071487177940904,0.059750010428634565
-0.7494550463972577,-0.5164978734066551,0.5,0.0,-1.1071487177940906,0.06603948521059613
-0.749346350230744,-0.5180664779801467,0.5,0.0,-1.1071487177940906,0.07232895999255765
-0.749227790580233,-0.5196343678914174,0.5,0.0,-1.1071487177940904,0.07861843477451921
-0.7490993721356316,-0.5212014811188772,0.5,0.0,-1.1071487177940906,0.08490790955648055
-0.7489610999768349,-0.5227677556716601,0.5,0.0,-1.1071487177940906,0.0911973843384421
-0.7488129795735248,-0.5243331295920756,0.5,0.0,-1.1071487177940904,0.09748685912040363
-0.7486550167849537,-0.5258975409580597,0.5,0.0,-1.1071487177940904,0.10377633390236518
-0.7484872178597131,-0.5274609278856248,0.5,0.0,-1.1071487177940906,0.11006580868432636
-0.7483095894354858,-0.5290232285313075,0.5,0.0,-1.1071487177940906,0.11635528346628823
-0.7481221385387837,-0.5305843810946143,0.5,0.0,-1.1071487177940906,0.12264475824825
-0.7479248725846702,-0.5321443238204672,0.5,0.0,-1.1071487177940904,0.12893423303021173
-0.7477177993764659,-0.533702995001646,0.5,0.0,-1.1071487177940906,0.13522370781217297
-0.7475009271054409,-0.5352603329812298,0.5,0.0,-1.1071487177940906,0.1415131825941346
-0.7472742643504904,-0.5368162761550352,0.5,0.0,-1.1071487177940904,0.14780265737609619
-0.747037820077795,-0.538370762974054,0.5,0.0,-1.1071487177940904,0.15409213215805742
-0.7467916036404665,-0.5399237319468873,0.5,0.0,-1.1071487177940904,0.16038160694001904
-0.7465356247781779,-0.5414751216421783,0.5,0.0,-1.1071487177940904,0.16667108172198064
-0.7462698936167779,-0.5430248706910421,0.5,0.0,-1.1071487177940906,0.172960556503942
-0.7459944206678903,-0.5445729177894939,0.5,0.0,-1.1071487177940906,0.1792500312859038
-0.7457092168284987,-0.5461192017008729,0.5,0.0,-1.1071487177940906,0.18553950606786498
-0.7454142933805146,-0.547663661258266,0.5,0.0,-1.1071487177940904,0.19182898084982683
-0.7451096619903317,-0.5492062353669263,0.5,0.0,-1.1071487177940906,0.19811845563178837
-0.7447953347083645,-0.5507468630066903,0.5,0.0,-1.1071487177940906,0.20440793041375016
-0.7444713239685713,-0.5522854832343917,0.5,0.0,-1.1071487177940904,0.21069740519571145
-0.7441376425879623,-0.5538220351862725,0.5,0.0,-1.1071487177940904,0.21698687997767305
-0.743794303766093,-0.5553564580803897,0.5,0.0,-1.1071487177940906,0.22327635475963462
-0.7434413210845418,-0.5568886912190205,0.5,0.0,-1.1071487177940904,0.22956582954159613
-0.7430787085063723,-0.558418673991063,0.5,0.0,-1.1071487177940906,0.23585530432355778
-0.742706480375582,-0.5599463458744339,0.5,0.0,-1.1071487177940904,0.2421447791055193
-0.7423246514165339,-0.5614716464384625,0.5,0.0,-1.1071487177940904,0.24843425388748078
-0.7419332367333747,-0.5629945153462812,0.5,0.0,-1.1071487177940904,0.25472372866944226
-0.741532251809437,-0.5645148923572124,0.5,0.0,-1.1071487177940904,0.26101320345140366
-0.7411217125066267,-0.5660327173291515,0.5,0.0,-1.1071487177940906,0.2673026782333655
-0.7407016350647961,-0.5675479302209454,0.5,0.0,-1.1071487177940904,0.2735921530153268
-0.7402720361011007,-0.5690604710947684,0.5,0.0,-1.1071487177940906,0.2798816277972882
-0.7398329326093426,-0.5705702801184929,0.5,0.0,-1.1071487177940904,0.28617110257925016
-0.7393843419592977,-0.5720772975680554,0.5,0.0,-1.1071487177940906,0.29246057736121167
-0.7389262818960293,-0.5735814638298204,0.5,0.0,-1.1071487177940904,0.29875005214317346
-0.7384587705391852,-0.5750827194029375,0.5,0.0,-1.1071487177940904,0.3050395269251347
-0.7379818263822817,-0.5765810049016957,0.5,0.0,-1.1071487177940904,0.31132900170709604
-0.7374954682919718,-0.5780762610578722,0.5,0.0,-1.1071487177940906,0.3176184764890577
-0.7369997155072989,-0.579568428723077,0.5,0.0,-1.1071487177940904,0.3239079512710192
-0.7364945876389356,-0.5810574488710927,0.5,0.0,-1.1071487177940906,0.330197426052981
-0.7359801046684082,-0.582543262600209,0.5,0.0,-1.1071487177940906,0.3364869008349423
-0.7354562869473062,-0.5840258111355539,0.5,0.0,-1.1071487177940906,0.3427763756169037
-0.7349231551964771,-0.5855050358314171,0.5,0.0,-1.1071487177940906,0.34906585039886556
-0.7343807305052069,-0.5869808781735708,0.5,0.0,-1.1071487177940904,0.3553553251808268
-0.7338290343303857,-0.5884532797815847,0.5,0.0,-1.1071487177940904,0.36164479996278903
-0.7332680884956594,-0.5899221824111339,0.5,0.0,-1.1071487177940904,0.36793427474475043
-0.7326979151905655,-0.5913875279563047,0.5,0.0,-1.1071487177940906,0.37422374952671184
-0.7321185369696565,-0.592849258451892,0.5,0.0,-1.1071487177940904,0.38051322430867335
-0.7315299767516065,-0.5943073160756924,0.5,0.0,-1.1071487177940906,0.386802699090635
-0.7309322578183057,-0.5957616431507918,0.5,0.0,-1.1071487177940904,0.39309217387259626
-0.7303254038139385,-0.5972121821478468,0.5,0.0,-1.1071487177940906,0.39938164865455794
-0.729709438744049,-0.5986588756873601,0.5,0.0,-1.1071487177940906,0.4056711234365194
-0.7290843869745909,-0.6001016665419509,0.5,0.0,-1.1071487177940904,0.4119605982184808
-0.7284502732309633,-0.601540497638618,0.5,0.0,-1.1071487177940904,0.4182500730004427
-0.727807122597034,-0.6029753120609981,0.5,0.0,-1.1071487177940906,0.4245395477824041
-0.7271549605141455,-0.6044060530516167,0.5,0.0,-1.1071487177940904,0.43082902256436567
-0.72649381278011,-0.6058326640141335,0.5,0.0,-1.1071487177940904,0.437118497346327
-0.7258237055481881,-0.6072550885155816,0.5,0.0,-1.1071487177940904,0.4434079721282892
-0.7251446653260546,-0.6086732702885989,0.5,0.0,-1.1071487177940906,0.44969744691025054
-0.7244567189747498,-0.6100871532336548,0.5,0.0,-1.1071487177940904,0.45598692169221205
-0.7237598937076171,-0.6114966814212689,0.5,0.0,-1.1071487177940904,0.46227639647417323
-0.723054217089226,-0.6129017990942237,0.5,0.0,-1.1071487177940904,0.46856587125613497
-0.7223397170342827,-0.6143024506697697,0.5,0.0,-1.1071487177940904,0.4748553460380966
-0.7216164218065247,-0.6156985807418247,0.5,0.0,-1.1071487177940904,0.48114482082005816
-0.7208843600176038,-0.617090134083165,0.5,0.0,-1.1071487177940906,0.4874342956020196
-0.7201435606259537,-0.6184770556476107,0.5,0.0,-1.1071487177940904,0.493723770383981
-0.7193940529356445,-0.6198592905722023,0.5,0.0,-1.1071487177940904,0.5000132451659426
-0.7186358665952236,-0.6212367841793718,0.5,0.0,-1.1071487177940906,0.506302719947904
-0.7178690315965431,-0.622609481979105,0.5,0.0,-1.1071487177940906,0.5125921947298657
-0.7170935782735732,-0.6239773296710972,0.5,0.0,-1.1071487177940906,0.518881669511827
-0.7163095373012021,-0.6253402731469014,0.5,0.0,-1.1071487177940906,0.5251711442937892
-0.7155169396940229,-0.6266982584920681,0.5,0.0,-1.1071487177940906,0.5314606190757506
-0.7147158168051065,-0.6280512319882785,0.5,0.0,-1.1071487177940906,0.5377500938577121
-0.7139062003247617,-0.6293991401154695,0.5,0.0,-1.1071487177940906,0.5440395686396734
-0.7130881222792811,-0.6307419295539506,0.5,0.0,-1.1071487177940904,0.5503290434216352
-0.7122616150296746,-0.6320795471865128,0.5,0.0,-1.1071487177940904,0.5566185182035966
-0.711426711270389,-0.6334119401005305,0.5,0.0,-1.1071487177940906,0.5629079929855582
-0.7105834440280154,-0.6347390555900541,0.5,0.0,-1.1071487177940906,0.5691974677675199
-0.7097318466599819,-0.6360608411578946,0.5,0.0,-1.1071487177940904,0.5754869425494811
-0.7088719528532341,-0.6373772445177014,0.5,0.0,-1.1071487177940906,0.5817764173314428
-0.7080037966229035,-0.6386882135960292,0.5,0.0,-1.1071487177940904,0.5880658921134044
-0.7071274123109605,-0.6399936965343987,0.5,0.0,-1.1071487177940906,0.5943553668953658
-0.7062428345848576,-0.6412936416913481,0.5,0.0,-1.1071487177940906,0.6006448416773273
-0.7053500984361564,-0.6425879976444753,0.5,0.0,-1.1071487177940906,0.606934316459289
-0.7044492391791445,-0.6438767131924724,0.5,0.0,-1.1071487177940906,0.6132237912412505
-0.7035402924494383,-0.6451597373571514,0.5,0.0,-1.1071487177940904,0.6195132660232123
-0.7026232942025731,-0.6464370193854598,0.5,0.0,-1.1071487177940904,0.6258027408051738
-0.7016982807125811,-0.6477085087514894,0.5,0.0,-1.1071487177940906,0.6320922155871352
-0.7007652885705564,-0.6489741551584743,0.5,0.0,-1.1071487177940906,0.6383816903690969
-0.6998243546832076,-0.6502339085407807,0.5,0.0,-1.1071487177940906,0.6446711651510584
-0.6988755162713975,-0.651487719065887,0.5,0.0,-1.1071487177940904,0.6509606399330199
-0.6979188108686714,-0.6527355371363557,0.5,0.0,-1.1071487177940906,0.6572501147149816
-0.6969542763197718,-0.6539773133917948,0.5,0.0,-1.1071487177940904,0.6635395894969426
-0.6959819507791415,-0.6552129987108108,0.5,0.0,-1.1071487177940904,0.6698290642789045
-0.6950018727094147,-0.6564425442129513,0.5,0.0,-1.1071487177940904,0.6761185390608656
-0.6940140808798948,-0.6576659012606393,0.5,0.0,-1.1071487177940904,0.6824080138428278
-0.6930186143650215,-0.658883021461096,0.5,0.0,-1.1071487177940904,0.6886974886247895
-0.6920155125428249,-0.6600938566682565,0.5,0.0,-1.1071487177940904,0.694986963406751
-0.6910048150933674,-0.6612983589846733,0.5,0.0,-1.1071487177940904,0.7012764381887121
-0.6899865619971745,-0.6624964807634116,0.5,0.0,-1.1071487177940904,0.7075659129706737
-0.688960793533653,-0.6636881746099337,0.5,0.0,-1.1071487177940906,0.7138553877526354
-0.6879275502794984,-0.6648733933839739,0.5,0.0,-1.1071487177940906,0.7201448625345969
-0.6868868731070885,-0.6660520902014034,0.5,0.0,-1.1071487177940904,0.7264343373165583
-0.6858388031828676,-0.6672242184360848,0.5,0.0,-1.1071487177940904,0.73272381209852
-0.6847833819657179,-0.6683897317217163,0.5,0.0,-1.1071487177940906,0.7390132868804813
-0.6837206512053191,-0.6695485839536665,0.5,0.0,-1.1071487177940904,0.7453027616624427
-0.6826506529404972,-0.6707007292907972,0.5,0.0,-1.1071487177940906,0.7515922364444045
-0.6815734294975618,-0.6718461221572775,0.5,0.0,-1.1071487177940906,0.757881711226366
-0.6804890234886312,-0.6729847172443866,0.5,0.0,-1.1071487177940904,0.7641711860083281
-0.679397477809947,-0.6741164695123054,0.5,0.0,-1.1071487177940904,0.7704606607902895
-0.6782988356401776,-0.6752413341918992,0.5,0.0,-1.1071487177940906,0.7767501355722507
-0.6771931404387096,-0.6763592667864882,0.5,0.0,-1.1071487177940906,0.7830396103542124
-0.6760804359439292,-0.677470223073607,0.5,0.0,-1.1071487177940906,0.7893290851361737
-0.6749607661714914,-0.6785741591067551,0.5,0.0,-1.1071487177940906,0.7956185599181353
-0.6738341754125796,-0.6796710312171346,0.5,0.0,-1.1071487177940904,0.801908034700097
-0.6727007082321528,-0.6807607960153772,0.5,0.0,-1.1071487177940906,0.8081975094820585
-0.6715604094671834,-0.6818434103932621,0.5,0.0,-1.1071487177940906,0.8144869842640202
-0.6704133242248833,-0.6829188315254195,0.5,0.0,-1.1071487177940904,0.8207764590459816
-0.6692594978809192,-0.6839870168710258,0.5,0.0,-1.1071487177940904,0.8270659338279431
-0.6680989760776183,-0.6850479241754858,0.5,0.0,-1.1071487177940904,0.8333554086099043
-0.6669318047221622,-0.6861015114721046,0.5,0.0,-1.1071487177940906,0.8396448833918662
-0.6657580299847717,-0.6871477370837477,0.5,0.0,-1.1071487177940904,0.845934358173828
-0.6645776982968797,-0.6881865596244887,0.5,0.0,-1.1071487177940904,0.8522238329557896
-0.6633908563492948,-0.6892179380012479,0.5,0.0,-1.1071487177940906,0.858513307737751
-0.6621975510903545,-0.6902418314154167,0.5,0.0,-1.1071487177940906,0.8648027825197119
-0.6609978297240672,-0.6912581993644724,0.5,0.0,-1.1071487177940904,0.871092257301674
-0.6597917397082464,-0.692267001643579,0.5,0.0,-1.1071487177940904,0.8773817320836349
-0.658579328752632,-0.6932681983471793,0.5,0.0,-1.1071487177940904,0.8836712068655969
-0.657360644817004,-0.6942617498705721,0.5,0.0,-1.1071487177940906,0.8899606816475589
-0.6561357361092848,-0.6952476169114793,0.5,0.0,-1.1071487177940906,0.8962501564295202
-0.6549046510836322,-0.6962257604716011,0.5,0.0,-1.1071487177940906,0.9025396312114822
-0.6536674384385233,-0.6971961418581578,0.5,0.0,-1.1071487177940904,0.9088291059934429
-0.6524241471148268,-0.6981587226854211,0.5,0.0,-1.1071487177940906,0.915118580775405
-0.651174826293869,-0.6991134648762322,0.5,0.0,-1.1071487177940904,0.921408055557366
-0.6499195253954863,-0.700060330663508,0.5,0.0,-1.1071487177940904,0.9276975303393282
-0.6486582940760718,-0.700999282591735,0.5,0.0,-1.1071487177940904,0.9339870051212893
-0.6473911822266099,-0.7019302835184517,0.5,0.0,-1.1071487177940906,0.9402764799032514
-0.646118239970704,-0.7028532966157164,0.5,0.0,-1.1071487177940904,0.9465659546852122
-0.6448395176625918,-0.7037682853715654,0.5,0.0,-1.1071487177940906,0.9528554294671739
-0.6435550658851561,-0.7046752135914569,0.5,0.0,-1.1071487177940904,0.9591449042491351
-0.6422649354479211,-0.7055740453997023,0.5,0.0,-1.1071487177940906,0.965434379031097
-0.6409691773850444,-0.7064647452408858,0.5,0.0,-1.1071487177940906,0.9717238538130593
-0.6396678429532981,-0.7073472778812706,0.5,0.0,-1.1071487177940904,0.9780133285950201
-0.6383609836300397,-0.7082216084101933,0.5,0.0,-1.1071487177940904,0.984302803376982
-0.6370486511111776,-0.7090877022414439,0.5,0.0,-1.1071487177940906,0.990592278158943
-0.6357308973091249,-0.7099455251146349,0.5,0.0,-1.1071487177940904,0.9968817529409051
-0.6344077743507469,-0.7107950430965555,0.5,0.0,-1.1071487177940906,1.0031712277228664
-0.6330793345752981,-0.7116362225825151,0.5,0.0,-1.1071487177940904,1.0094607025048281
-0.6317456305323526,-0.7124690302976715,0.5,0.0,-1.1071487177940906,1.0157501772867892
-0.6304067149797246,-0.7132934332983482,0.5,0.0,-1.1071487177940904,1.0220396520687511
-0.6290626408813824,-0.7141093989733364,0.5,0.0,-1.1071487177940904,1.0283291268507122
-0.6277134614053522,-0.7149168950451863,0.5,0.0,-1.1071487177940904,1.0346186016326744
-0.6263592299216163,-0.7157158895714827,0.5,0.0,-1.1071487177940904,1.0409080764146355
-0.6250000000000001,-0.7165063509461096,0.5,0.0,-1.1071487177940906,1.0471975511965972
-0.6236358254080547,-0.7172882479004997,0.5,0.0,-1.1071487177940904,1.0534870259785591
-0.6222667601089293,-0.7180615495048714,0.5,0.0,-1.1071487177940906,1.0597765007605202
-0.6208928582592361,-0.7188262251694533,0.5,0.0,-1.1071487177940904,1.0660659755424824
-0.6195141742069091,-0.7195822446456921,0.5,0.0,-1.1071487177940906,1.0723554503244435
-0.6181307624890531,-0.7203295780274517,0.5,0.0,-1.1071487177940906,1.078644925106405
-0.6167426778297871,-0.7210681957521944,0.5,0.0,-1.1071487177940906,1.0849343998883667
-0.6153499751380793,-0.721798068602151,0.5,0.0,-1.1071487177940904,1.0912238746703284
-0.6139527095055755,-0.7225191677054764,0.5,0.0,-1.1071487177940904,1.0975133494522895
-0.6125509362044184,-0.7232314645373921,0.5,0.0,-1.1071487177940906,1.1038028242342515
-0.6111447106850634,-0.7239349309213138,0.5,0.0,-1.1071487177940904,1.1100922990162123
-0.6097340885740827,-0.7246295390299667,0.5,0.0,-1.1071487177940906,1.1163817737981743
-0.6083191256719673,-0.725315261386486,0.5,0.0,-1.1071487177940906,1.1226712485801353
-0.6068998779509174,-0.725992070865504,0.5,0.0,-1.1071487177940904,1.1289607233620975
-0.6054764015526298,-0.7266599406942224,0.5,0.0,-1.1071487177940904,1.1352501981440595
-0.6040487527860771,-0.7273188444534721,0.5,0.0,-1.1071487177940904,1.1415396729260203
-0.6026169881252785,-0.7279687560787584,0.5,0.0,-1.1071487177940904,1.1478291477079823
-0.6011811642070686,-0.7286096498612914,0.5,0.0,-1.1071487177940904,1.1541186224899433
-0.5997413378288541,-0.7292415004490034,0.5,0.0,-1.1071487177940904,1.1604080972719057
-0.5982975659463698,-0.7298642828475512,0.5,0.0,-1.1071487177940906,1.1666975720538666
-0.5968499056714234,-0.7304779724213062,0.5,0.0,-1.1071487177940906,1.172987046835828
-0.5953984142696374,-0.731082544894327,0.5,0.0,-1.1071487177940904,1.1792765216177892
-0.5939431491581831,-0.7316779763513213,0.5,0.0,-1.1071487177940904,1.1855659963997516
-0.592484167903511,-0.7322642432385906,0.5,0.0,-1.1071487177940906,1.1918554711817126
-0.5910215282190711,-0.7328413223649635,0.5,0.0,-1.1071487177940906,1.1981449459636744
-0.589555287963032,-0.7334091909027114,0.5,0.0,-1.1071487177940906,1.2044344207456357
-0.5880855051359912,-0.7339678263884529,0.5,0.0,-1.1071487177940906,1.2107238955275974
-0.5866122378786809,-0.7345172067240414,0.5,0.0,-1.1071487177940906,1.2170133703095594
-0.5851355444696685,-0.7350573101774397,0.5,0.0,-1.1071487177940904,1.2233028450915207
-0.5836554833230504,-0.7355881153835797,0.5,0.0,-1.1071487177940904,1.2295923198734826
-0.5821721129861424,-0.7361096013452072,0.5,0.0,-1.1071487177940904,1.2358817946554437
-0.5806854921371624,-0.7366217474337131,0.5,0.0,-1.1071487177940904,1.2421712694374056
-0.5791956795829108,-0.7371245333899488,0.5,0.0,-1.1071487177940904,1.2484607442193667
-0.5777027342564429,-0.7376179393250278,0.5,0.0,-1.1071487177940906,1.2547502190013282
-0.5762067152147385,-0.7381019457211128,0.5,0.0,-1.1071487177940904,1.2610396937832893
-0.574707681636365,-0.7385765334321872,0.5,0.0,-1.1071487177940904,1.2673291685652517
-0.5732056928191378,-0.7390416836848127,0.5,0.0,-1.1071487177940904,1.2736186433472128
-0.5717008081777727,-0.7394973780788722,0.5,0.0,-1.1071487177940906,1.2799081181291745
-0.5701930872415373,-0.7399435985882973,0.5,0.0,-1.1071487177940904,1.2861975929111369
-0.5686825896518959,-0.7403803275617813,0.5,0.0,-1.1071487177940906,1.2924870676930973
-0.5671693751601486,-0.7408075477234781,0.5,0.0,-1.1071487177940906,1.2987765424750595
-0.5656535036250706,-0.7412252421736847,0.5,0.0,-1.1071487177940906,1.3050660172570205
-0.5641350350105413,-0.7416333943895104,0.5,0.0,-1.1071487177940904,1.3113554920389827
-0.5626140293831747,-0.7420319882255296,0.5,0.0,-1.1071487177940906,1.3176449668209438
-0.5610905469099418,-0.7424210079144219,0.5,0.0,-1.1071487177940906,1.3239344416029057
-0.5595646478557914,-0.742800438067594,0.5,0.0,-1.1071487177940906,1.3302239163848668
-0.5580363925812655,-0.74317026367579,0.5,0.0,-1.1071487177940906,1.3365133911668285
-0.5565058415401125,-0.743530470109684,0.5,0.0,-1.1071487177940906,1.3428028659487894
-0.5549730552768946,-0.7438810431204597,0.5,0.0,-1.1071487177940904,1.3490923407307516
-0.5534380944245941,-0.7442219688403731,0.5,0.0,-1.1071487177940906,1.3553818155127126
-0.551901019702214,-0.7445532337833021,0.5,0.0,-1.1071487177940906,1.3616712902946746
-0.5503618919123763,-0.7448748248452791,0.5,0.0,-1.1071487177940904,1.3679607650766368
-0.5488207719389177,-0.7451867293050098,0.5,0.0,-1.1071487177940906,1.3742502398585976
-0.5472777207444791,-0.7454889348243767,0.5,0.0,-1.1071487177940904,1.3805397146405598
-0.5457327993680968,-0.745781429448926,0.5,0.0,-1.1071487177940906,1.3868291894225206
-0.5441860689227854,-0.7460642016083422,0.5,0.0,-1.1071487177940904,1.3931186642044828
-0.5426375905931226,-0.746337240116904,0.5,0.0,-1.1071487177940906,1.399408138986444
-0.5410874256328266,-0.7466005341739286,0.5,0.0,-1.1071487177940906,1.4056976137684056
-0.5395356353623354,-0.7468540733641972,0.5,0.0,-1.1071487177940906,1.4119870885503667
-0.537982281166379,-0.7470978476583682,0.5,0.0,-1.1071487177940904,1.4182765633323287
-0.536427424491553,-0.7473318474133733,0.5,0.0,-1.1071487177940906,1.42456603811429
-0.5348711268438865,-0.7475560633727996,0.5,0.0,-1.1071487177940906,1.4308555128962517
-0.5333134497864102,-0.7477704866672549,0.5,0.0,-1.1071487177940906,1.4371449876782127
-0.5317544549367198,-0.7479751088147192,0.5,0.0,-1.1071487177940906,1.4434344624601747
-0.5301942039645403,-0.74816992172088,0.5,0.0,-1.1071487177940906,1.4497239372421367
-0.5286327585892854,-0.7483549176794526,0.5,0.0,-1.1071487177940906,1.4560134120240977
-0.5270701805776155,-0.7485300893724848,0.5,0.0,-1.1071487177940906,1.46230288680606
-0.5255065317409962,-0.7486954298706463,0.5,0.0,-1.1071487177940906,1.468592361588021
-0.5239418739332511,-0.7488509326335031,0.5,0.0,-1.1071487177940906,1.4748818363699827
-0.5223762690481168,-0.748996591509776,0.5,0.0,-1.1071487177940906,1.4811713111519438
-0.5208097790167933,-0.7491324007375841,0.5,0.0,-1.1071487177940906,1.4874607859339057
-0.519242465805495,-0.7492583549446725,0.5,0.0,-1.1071487177940904,1.4937502607158668
-0.5176743914129988,-0.7493744491486249,0.5,0.0,-1.1071487177940904,1.5000397354978288
-0.5161056178681922,-0.7494806787570608,0.5,0.0,-1.1071487177940904,1.50632921027979
-0.5145362072276191,-0.7495770395678171,0.5,0.0,-1.1071487177940904,1.512618685061752
-0.5129662215730255,-0.7496635277691142,0.5,0.0,-1.1071487177940904,1.5189081598437129
-0.5113957230089029,-0.7497401399397068,0.5,0.0,-1.1071487177940906,1.525197634625675
-0.5098247736600329,-0.7498068730490198,0.5,0.0,-1.1071487177940906,1.5314871094076368
-0.5082534356690285,-0.7498637244572673,0.5,0.0,-1.1071487177940904,1.537776584189598
-0.5066817711938763,-0.7499106919155575,0.5,0.0,-1.1071487177940904,1.5440660589715598
-0.5051098424054781,-0.7499477735659815,0.5,0.0,-1.1071487177940906,1.5503555337535209
-0.5035377114851906,-0.7499749679416872,0.5,0.0,-1.1071487177940906,1.556645008535483
-0.5019654406223673,-0.7499922739669367,0.5,0.0,-1.1071487177940906,1.562934483317444
-0.5003930920118962,-0.7499996909571494,0.5,0.0,-1.1071487177940904,1.569223958099406
-0.4988207278517422,-0.7499972186189285,0.5,0.0,-1.1071487177940904,1.575513432881367
-0.4972484103404839,-0.7499848570500735,0.5,0.0,-1.1071487177940904,1.581802907663329
-0.4956762016748559,-0.749962606739575,0.5,0.0,-1.1071487177940906,1.58809238244529
-0.49410416404728585,-0.7499304685675972,0.5,0.0,-1.1071487177940906,1.5943818572272521
-0.49253235964343695,-0.749888443805441,0.5,0.0,-1.1071487177940906,1.600671332009213
-0.49096085063974537,-0.7498365341154952,0.5,0.0,-1.1071487177940904,1.606960806791175
-0.4893896992009629,-0.7497747415511704,0.5,0.0,-1.1071487177940904,1.613250281573137
-0.4878189674776971,-0.7497030685568173,0.5,0.0,-1.1071487177940904,1.6195397563550982
-0.4862487176039518,-0.7496215179676307,0.5,0.0,-1.1071487177940904,1.62582923113706
-0.4846790116946711,-0.7495300930095365,0.5,0.0,-1.1071487177940906,1.632118705919021
-0.48310991184328045,-0.7494287972990654,0.5,0.0,-1.1071487177940904,1.6384081807009832
-0.4815414801192322,-0.7493176348432082,0.5,0.0,-1.1071487177940904,1.644697655482944
-0.4799737785655483,-0.7491966100392586,0.5,0.0,-1.1071487177940904,1.6509871302649062
-0.4784068691963681,-0.7490657276746386,0.5,0.0,-1.1071487177940904,1.657276605046867
-0.47684081399449324,-0.7489249929267094,0.5,0.0,-1.1071487177940904,1.6635660798288292
-0.47527567490893774,-0.7487744113625665,0.5,0.0,-1.1071487177940904,1.6698555546107903
-0.47371151385247556,-0.7486139889388194,0.5,0.0,-1.1071487177940906,1.676145029392752
-0.4721483926991932,-0.748443732001356,0.5,0.0,-1.1071487177940906,1.682434504174713
-0.4705863732820405,-0.7482636472850919,0.5,0.0,-1.1071487177940906,1.688723978956675
-0.4690255173903863,-0.7480737419137035,0.5,0.0,-1.1071487177940904,1.695013453738637
-0.4674658867675732,-0.7478740233993462,0.5,0.0,-1.1071487177940906,1.7013029285205983
-0.46590754310847504,-0.7476644996423579,0.5,0.0,-1.1071487177940906,1.7075924033025602
-0.46435054805705744,-0.7474451789309459,0.5,0.0,-1.1071487177940906,1.7138818780845213
-0.4627949632039378,-0.747216069940859,0.5,0.0,-1.1071487177940904,1.720171352866483
-0.4612408500839507,-0.7469771817350446,0.5,0.0,-1.1071487177940904,1.726460827648444
-0.459688270173712,-0.74672852376329,0.5,0.0,-1.1071487177940904,1.7327503024304063
-0.45813728488918865,-0.746470105861849,0.5,0.0,-1.1071487177940904,1.7390397772123671
-0.4565879555832675,-0.746201938253052,0.5,0.0,-1.1071487177940904,1.7453292519943293
-0.45504034354333023,-0.7459240315449026,0.5,0.0,-1.1071487177940904,1.7516187267762904
-0.4534945099888271,-0.745636396730657,0.5,0.0,-1.1071487177940904,1.7579082015582521
-0.451950516068857,-0.7453390451883899,0.5,0.0,-1.1071487177940906,1.7641976763402134
-0.4504084228597469,-0.7450319886805442,0.5,0.0,-1.1071487177940904,1.7704871511221751
-0.4488682913626373,-0.7447152393534654,0.5,0.0,-1.1071487177940904,1.7767766259041373
-0.4473301825010686,-0.7443888097369216,0.5,0.0,-1.1071487177940906,1.7830661006860982
-0.44579415711857023,-0.7440527127436074,0.5,0.0,-1.1071487177940904,1.7893555754680603
-0.4442602759762559,-0.7437069616686336,0.5,0.0,-1.1071487177940904,1.7956450502500212
-0.44272859975041756,-0.7433515701890007,0.5,0.0,-1.1071487177940906,1.8019345250319834
-0.44119918903012767,-0.7429865523630584,0.5,0.0,-1.1071487177940906,1.8082239998139444
-0.4396721043148403,-0.7426119226299492,0.5,0.0,-1.1071487177940906,1.8145134745959062
-0.4381474060119996,-0.7422276958090375,0.5,0.0,-1.1071487177940904,1.8208029493778675
-0.4366251544346489,-0.7418338870993226,0.5,0.0,-1.1071487177940904,1.8270924241598294
-0.4351054097990463,-0.7414305120788387,0.5,0.0,-1.1071487177940906,1.8333818989417903
-0.43358823222228104,-0.7410175867040377,0.5,0.0,-1.1071487177940904,1.8396713737237522
-0.4320736817198971,-0.7405951273091584,0.5,0.0,-1.1071487177940904,1.8459608485057135
-0.43056181820351747,-0.7401631506055804,0.5,0.0,-1.1071487177940904,1.8522503232876755
-0.42905270147847585,-0.7397216736811625,0.5,0.0,-1.1071487177940904,1.8585397980696372
-0.4275463912414499,-0.7392707139995678,0.5,0.0,-1.1071487177940904,1.8648292728515983
-0.4260429470780994,-0.7388102893995717,0.5,0.0,-1.1071487177940906,1.8711187476335605
-0.424542428460711,-0.7383404180943574,0.5,0.0,-1.1071487177940906,1.8774082224155213
-0.4230448947458431,-0.7378611186707942,0.5,0.0,-1.1071487177940906,1.8836976971974835
-0.4215504051719805,-0.7373724100887034,0.5,0.0,-1.1071487177940906,1.8899871719794445
-0.42005901885718877,-0.7368743116801075,0.5,0.0,-1.1071487177940904,1.8962766467614063
-0.41857079479677756,-0.7363668431484659,0.5,0.0,-1.1071487177940906,1.9025661215433676
-0.41708579186096534,-0.7358500245678954,0.5,0.0,-1.1071487177940904,1.9088555963253293
-0.41560406879255213,-0.735323876382376,0.5,0.0,-1.1071487177940904,1.9151450711072906
-0.4141256842045943,-0.734788419404942,0.5,0.0,-1.1071487177940904,1.9214345458892526
-0.4126506965780875,-0.7342436748168596,0.5,0.0,-1.1071487177940906,1.9277240206712134
-0.41117916425965173,-0.7336896641667878,0.5,0.0,-1.1071487177940904,1.9340134954531754
-0.40971114545922477,-0.7331264093699269,0.5,0.0,-1.1071487177940904,1.9403029702351373
-0.40824669824775883,-0.7325539327071511,0.5,0.0,-1.1071487177940906,1.9465924450170984
-0.40678588055492293,-0.7319722568241274,0.5,0.0,-1.1071487177940904,1.9528819197990603
-0.40532875016681263,-0.7313814047304196,0.5,0.0,-1.1071487177940904,1.9591713945810216
-0.4038753647236628,-0.7307813997985781,0.5,0.0,-1.1071487177940904,1.9654608693629834
-0.4024257817175688,-0.7301722657632159,0.5,0.0,-1.1071487177940904,1.9717503441449442
-0.4009800584902109,-0.7295540267200685,0.5,0.0,-1.1071487177940906,1.9780398189269064
-0.3995382522305874,-0.7289267071250424,0.5,0.0,-1.1071487177940904,1.9843292937088675
-0.39810041997275103,-0.7282903317932459,0.5,0.0,-1.1071487177940904,1.9906187684908296
-0.39666661859355423,-0.727644925898009,0.5,0.0,-1.1071487177940906,1.9969082432727905
-0.39523690481039764,-0.7269905149698865,0.5,0.0,-1.1071487177940906,2.0031977180547527
-0.39381133517898825,-0.7263271248956493,0.5,0.0,-1.1071487177940904,2.0094871928367137
-0.3923899660911006,-0.7256547819172585,0.5,0.0,-1.1071487177940906,2.0157766676186757
-0.39097285377234725,-0.7249735126308295,0.5,0.0,-1.1071487177940906,2.0220661424006376
-0.3895600542799544,-0.7242833439855786,0.5,0.0,-1.1071487177940906,2.0283556171825987
-0.38815162350054333,-0.7235843032827568,0.5,0.0,-1.1071487177940906,2.0346450919645607
-0.38674761714792166,-0.722876418174571,0.5,0.0,-1.1071487177940904,2.0409345667465217
-0.38534809076087734,-0.722159716663089,0.5,0.0,-1.1071487177940906,2.0472240415284837
-0.3839530997009837,-0.7214342270991324,0.5,0.0,-1.1071487177940906,2.0535135163104448
-0.38256269915040736,-0.7206999781811549,0.5,0.0,-1.1071487177940904,2.0598029910924067
-0.3811769441097277,-0.7199569989541075,0.5,0.0,-1.1071487177940904,2.066092465874368
-0.3797958893957589,-0.7192053188082884,0.5,0.0,-1.1071487177940906,2.0723819406563297
-0.3784195896393835,-0.7184449674781822,0.5,0.0,-1.1071487177940906,2.078671415438291
-0.37704809928338967,-0.717675975041282,0.5,0.0,-1.1071487177940904,2.0849608902202528
-0.3756814725803192,-0.7168983719169004,0.5,0.0,-1.1071487177940906,2.091250365002214
-0.3743197635903197,-0.7161121888649663,0.5,0.0,-1.1071487177940906,2.097539839784176
-0.37296302617900773,-0.7153174569848078,0.5,0.0,-1.1071487177940904,2.1038293145661378
-0.3716113140153372,-0.7145142077139219,0.5,0.0,-1.1071487177940904,2.110118789348099
-0.3702646805694761,-0.7137024728267315,0.5,0.0,-1.1071487177940906,2.116408264130061
-0.3689231791106922,-0.7128822844333279,0.5,0.0,-1.1071487177940904,2.122697738912022
-0.36758686270524493,-0.7120536749782006,0.5,0.0,-1.1071487177940906,2.128987213693984
-0.3662557842142873,-0.7112166772389545,0.5,0.0,-1.1071487177940906,2.135276688475945
-0.36492999629177336,-0.7103713243250126,0.5,0.0,-1.1071487177940906,2.141566163257907
-0.3636095513823772,-0.7095176496763067,0.5,0.0,-1.1071487177940906,2.147855638039868
-0.3622945017194166,-0.7086556870619544,0.5,0.0,-1.1071487177940906,2.15414511282183
-0.3609848993227883,-0.7077854705789235,0.5,0.0,-1.1071487177940906,2.160434587603791
-0.35968079599690883,-0.7069070346506828,0.5,0.0,-1.1071487177940906,2.166724062385753
-0.3583822433286665,-0.7060204140258411,0.5,0.0,-1.1071487177940904,2.173013537167715
-0.3570892926853805,-0.7051256437767719,0.5,0.0,-1.1071487177940906,2.179303011949676
-0.3558019952127676,-0.7042227592982264,0.5,0.0,-1.1071487177940904,2.1855924867316374
-0.35452040183292133,-0.7033117963059333,0.5,0.0,-1.1071487177940904,2.191881961513599
-0.35324456324229536,-0.702392790835186,0.5,0.0,-1.1071487177940904,2.198171436295561
-0.3519745299096999,-0.7014657792394174,0.5,0.0,-1.1071487177940904,2.2044609110775215
-0.35071035207430357,-0.700530798188761,0.5,0.0,-1.1071487177940906,2.210750385859484
-0.3494520797436478,-0.6995878846686017,0.5,0.0,-1.1071487177940904,2.2170398606414445
-0.3481997626916672,-0.698637075978111,0.5,0.0,-1.1071487177940906,2.223329335423407
-0.34695345045672177,-0.6976784097287736,0.5,0.0,-1.1071487177940904,2.229618810205368
-0.34571319233963627,-0.6967119238428976,0.5,0.0,-1.1071487177940904,2.23590828498733
-0.3444790374017512,-0.695737656552116,0.5,0.0,-1.1071487177940904,2.242197759769291
-0.3432510344629805,-0.6947556463958728,0.5,0.0,-1.1071487177940906,2.248487234551253
-0.342029232099882,-0.6937659322199005,0.5,0.0,-1.1071487177940904,2.2547767093332145
-0.340813678643735,-0.6927685531746812,0.5,0.0,-1.1071487177940906,2.261066184115176
-0.33960442217862796,-0.6917635487138998,0.5,0.0,-1.1071487177940904,2.2673556588971375
-0.3384015105395578,-0.6907509585928819,0.5,0.0,-1.1071487177940904,2.273645133679099
-0.33720499131053616,-0.6897308228670223,0.5,0.0,-1.1071487177940906,2.279934608461061
-0.33601491182270826,-0.6887031818901999,0.5,0.0,-1.1071487177940904,2.2862240832430216
-0.3348313191524797,-0.6876680763131812,0.5,0.0,-1.1071487177940904,2.2925135580249836
-0.3336542601196553,-0.6866255470820132,0.5,0.0,-1.1071487177940904,2.298803032806945
-0.33248378128558576,-0.6855756354364024,0.5,0.0,-1.1071487177940904,2.305092507588907
-0.331319928951327,-0.6845183829080849,0.5,0.0,-1.1071487177940904,2.311381982370868
-0.3301627491558077,-0.683453831319182,0.5,0.0,-1.1071487177940904,2.31767145715283
-0.32901228767400875,-0.6823820227805473,0.5,0.0,-1.1071487177940904,2.323960931934791
-0.32786859001515206,-0.6813029996900994,0.5,0.0,-1.1071487177940904,2.330250406716753
-0.32673170142090074,-0.6802168047311463,0.5,0.0,-1.1071487177940904,2.336539881498715
-0.3256016668635694,-0.6791234808706959,0.5,0.0,-1.1071487177940906,2.342829356280676
-0.32447853104434443,-0.6780230713577564,0.5,0.0,-1.1071487177940906,2.349118831062638
-0.32336233839151707,-0.6769156197216262,0.5,0.0,-1.1071487177940906,2.355408305844599
-0.3222531330587245,-0.675801169770171,0.5,0.0,-1.1071487177940906,2.361697780626561
-0.32115095892320467,-0.6746797655880921,0.5,0.0,-1.1071487177940904,2.3679872554085217
-0.3200558595840592,-0.6735514515351807,0.5,0.0,-1.1071487177940906,2.374276730190484
-0.3189678783605301,-0.6724162722445657,0.5,0.0,-1.1071487177940904,2.380566204972445
-0.31788705829028485,-0.6712742726209453,0.5,0.0,-1.1071487177940904,2.386855679754407
-0.31681344212771523,-0.6701254978388133,0.5,0.0,-1.1071487177940906,2.3931451545363682
-0.31574707234224475,-0.6689699933406699,0.5,0.0,-1.1071487177940904,2.39943462931833
-0.31468799111665013,-0.6678078048352258,0.5,0.0,-1.1071487177940906,2.4057241041002912
-0.31363624034539106,-0.6666389782955932,0.5,0.0,-1.1071487177940904,2.4120135788822528
-0.3125918616329544,-0.665463559957467,0.5,0.0,-1.1071487177940906,2.418303053664215
-0.31155489629220773,-0.6642815963172972,0.5,0.0,-1.1071487177940906,2.4245925284461762
-0.3105253853427648,-0.6630931341304478,0.5,0.0,-1.1071487177940904,2.430882003228138
-0.30950336950936386,-0.6618982204093486,0.5,0.0,-1.1071487177940904,2.4371714780100993
-0.3084888892202555,-0.6606969024216349,0.5,0.0,-1.1071487177940904,2.443460952792061
-0.30748198460560483,-0.6594892276882781,0.5,0.0,-1.1071487177940906,2.4497504275740223
-0.3064826954959024,-0.6582752439817054,0.5,0.0,-1.1071487177940904,2.456039902355984
-0.3054910614203903,-0.6570549993239108,0.5,0.0,-1.1071487177940906,2.4623293771379453
-0.3045071216054968,-0.6558285419845542,0.5,0.0,-1.1071487177940906,2.4686188519199073
-0.30353091497328644,-0.654595920479054,0.5,0.0,-1.1071487177940906,2.4749083267018683
-0.3025624801399186,-0.6533571835666656,0.5,0.0,-1.1071487177940904,2.48119780148383
-0.30160185541412143,-0.6521123802485544,0.5,0.0,-1.1071487177940906,2.4874872762657914
-0.3006490787956754,-0.6508615597658567,0.5,0.0,-1.1071487177940904,2.493776751047753
-0.29970418797391063,-0.6496047715977318,0.5,0.0,-1.1071487177940904,2.5000662258297153
-0.2987672203262164,-0.6483420654594052,0.5,0.0,-1.1071487177940904,2.5063557006116763
-0.2978382129165613,-0.6470734913002013,0.5,0.0,-1.1071487177940906,2.5126451753936383
-0.29691720249402864,-0.6457990993015685,0.5,0.0,-1.1071487177940904,2.518934650175599
-0.2960042254913614,-0.6445189398750928,0.5,0.0,-1.1071487177940904,2.5252241249575613
-0.29509931802352224,-0.6432330636605051,0.5,0.0,-1.1071487177940904,2.5315135997395224
-0.2942025158862638,-0.641941521523677,0.5,0.0,-1.1071487177940906,2.5378030745214843
-0.2933138545547135,-0.6406443645546095,0.5,0.0,-1.1071487177940904,2.5440925493034454
-0.2924333691819699,-0.6393416440654106,0.5,0.0,-1.1071487177940906,2.5503820240854074
-0.29156109459771223,-0.6380334115882678,0.5,0.0,-1.1071487177940906,2.5566714988673684
-0.2906970653068224,-0.636719718873407,0.5,0.0,-1.1071487177940904,2.5629609736493304
-0.2898413154880206,-0.6354006178870477,0.5,0.0,-1.1071487177940906,2.5692504484312915
-0.2889938789925125,-0.6340761608093457,0.5,0.0,-1.1071487177940906,2.5755399232132534
-0.288154789342651,-0.6327464000323302,0.5,0.0,-1.1071487177940904,2.581829397995215
-0.2873240797306097,-0.6314113881578303,0.5,0.0,-1.1071487177940904,2.5881188727771764
-0.28650178301706986,-0.6300711779953948,0.5,0.0,-1.1071487177940906,2.5944083475591384
-0.2856879317299209,-0.6287258225602034,0.5,0.0,-1.1071487177940906,2.600697822341099
-0.28488255806297313,-0.6273753750709683,0.5,0.0,-1.1071487177940906,2.6069872971230614
-0.28408569387468496,-0.6260198889478313,0.5,0.0,-1.1071487177940906,2.6132767719050225
-0.28329737068690186,-0.6246594178102479,0.5,0.0,-1.1071487177940906,2.6195662466869845
-0.2825176196836102,-0.6232940154748687,0.5,0.0,-1.1071487177940906,2.6258557214689455
-0.281746471709703,-0.6219237359534088,0.5,0.0,-1.1071487177940904,2.632145196250907
-0.28098395726976055,-0.6205486334505121,0.5,0.0,-1.1071487177940904,2.6384346710328686
-0.2802301065268429,-0.619168762361607,0.5,0.0,-1.1071487177940906,2.64472414581483
-0.2794849493012973,-0.6177841772707547,0.5,0.0,-1.1071487177940904,2.651013620596791
-0.2787485150695782,-0.6163949329484895,0.5,0.0,-1.1071487177940904,2.657303095378753
-0.2780208329630818,-0.6150010843496528,0.5,0.0,-1.1071487177940904,2.663592570160715
-0.277301931766993,-0.6136026866112195,0.5,0.0,-1.1071487177940906,2.669882044942676
-0.27659183991914693,-0.6121997950501156,0.5,0.0,-1.1071487177940904,2.6761715197246385
-0.27589058550890466,-0.6107924651610317,0.5,0.0,-1.1071487177940906,2.6824609945065996
-0.2751981962760408,-0.6093807526142262,0.5,0.0,-1.1071487177940904,2.688750469288561
-0.2745146996096477,-0.6079647132533246,0.5,0.0,-1.1071487177940904,2.695039944070522
-0.27384012254705054,-0.6065444030931089,0.5,0.0,-1.1071487177940906,2.7013294188524846
-0.273174491772739,-0.6051198783173037,0.5,0.0,-1.1071487177940906,2.7076188936344456
-0.27251783361731086,-0.6036911952763518,0.5,0.0,-1.1071487177940904,2.7139083684164076
-0.2718701740564311,-0.6022584104851867,0.5,0.0,-1.1071487177940906,2.7201978431983687
-0.27123153870980354,-0.6008215806209954,0.5,0.0,-1.1071487177940906,2.7264873179803306
-0.2706019528401585,-0.5993807625209785,0.5,0.0,-1.1071487177940906,2.7327767927622917
-0.2699814413522522,-0.5979360131800995,0.5,0.0,-1.1071487177940904,2.7390662675442536
-0.2693700287918829,-0.5964873897488322,0.5,0.0,-1.1071487177940906,2.7453557423262156
-0.2687677393449188,-0.5950349495308993,0.5,0.0,-1.1071487177940906,2.7516452171081767
-0.2681745968363419,-0.5935787499810048,0.5,0.0,-1.1071487177940904,2.7579346918901386
-0.2675906247293058,-0.5921188487025627,0.5,0.0,-1.1071487177940904,2.7642241666720992
-0.2670158461242066,-0.5906553034454168,0.5,0.0,-1.1071487177940906,2.770513641454061
-0.26645028375777013,-0.5891881721035581,0.5,0.0,-1.1071487177940906,2.7768031162360227
-0.26589396000215193,-0.5877175127128327,0.5,0.0,-1.1071487177940904,2.7830925910179847
-0.2653468968640528,-0.5862433834486478,0.5,0.0,-1.1071487177940906,2.7893820657999457
-0.26480911598384727,-0.5847658426236689,0.5,0.0,-1.1071487177940904,2.7956715405819077
-0.26428063863472906,-0.5832849486855146,0.5,0.0,-1.1071487177940906,2.8019610153638688
-0.26376148572186797,-0.581800760214443,0.5,0.0,-1.1071487177940904,2.8082504901458307
-0.26325167778158426,-0.5803133359210362,0.5,0.0,-1.1071487177940904,2.814539964927792
-0.2627512349805354,-0.5788227346438758,0.5,0.0,-1.1071487177940904,2.8208294397097537
-0.26226017711491867,-0.5773290153472173,0.5,0.0,-1.1071487177940904,2.8271189144917157
-0.26177852360968834,-0.5758322371186568,0.5,0.0,-1.1071487177940904,2.8334083892736768
-0.26130629351778667,-0.5743324591667931,0.5,0.0,-1.1071487177940906,2.8396978640556387
-0.2608435055193906,-0.5728297408188869,0.5,0.0,-1.1071487177940906,2.8459873388376
-0.26039017792117286,-0.5713241415185125,0.5,0.0,-1.1071487177940904,2.8522768136195618
-0.2599463286555777,-0.5698157208232077,0.5,0.0,-1.1071487177940904,2.858566288401523
-0.25951197528011133,-0.5683045384021166,0.5,0.0,-1.1071487177940904,2.864855763183485
-0.2590871349766479,-0.5667906540336306,0.5,0.0,-1.1071487177940906,2.8711452379654454
-0.2586718245507492,-0.5652741276030222,0.5,0.0,-1.1071487177940906,2.877434712747408
-0.2582660604310005,-0.5637550191000779,0.5,0.0,-1.1071487177940904,2.883724187529369
-0.2578698586683601,-0.562233388616723,0.5,0.0,-1.1071487177940906,2.890013662311331
-0.25748323493552483,-0.5607092963446468,0.5,0.0,-1.1071487177940906,2.896303137093293
-0.25710620452630994,-0.5591828025729201,0.5,0.0,-1.1071487177940904,2.902592611875254
-0.25673878235504405,-0.5576539676856102,0.5,0.0,-1.1071487177940904,2.9088820866572154
-0.2563809829559792,-0.5561228521593933,0.5,0.0,-1.1071487177940904,2.915171561439177
-0.25603282048271603,-0.5545895165611614,0.5,0.0,-1.1071487177940906,2.921461036221139
-0.25569430870764365,-0.5530540215456272,0.5,0.0,-1.1071487177940904,2.9277505110030995
-0.2553654610213951,-0.5515164278529232,0.5,0.0,-1.1071487177940906,2.934039985785062
-0.2550462904323177,-0.5499767963062013,0.5,0.0,-1.1071487177940904,2.940329460567023
-0.254736809565958,-0.5484351878092245,0.5,0.0,-1.1071487177940906,2.946618935348985
-0.254437030664563,-0.5468916633439596,0.5,0.0,-1.1071487177940906,2.9529084101309455
-0.25414696558659533,-0.5453462839681629,0.5,0.0,-1.1071487177940904,2.959197884912908
-0.25386662580626457,-0.5437991108129675,0.5,0.0,-1.1071487177940906,2.965487359694869
-0.2535960224130729,-0.5422502050804624,0.5,0.0,-1.1071487177940904,2.971776834476831
-0.253335166111377,-0.5406996280412737,0.5,0.0,-1.1071487177940904,2.9780663092587925
-0.25308406721996424,-0.5391474410321396,0.5,0.0,-1.1071487177940906,2.9843557840407535
-0.25284273567164434,-0.5375937054534843,0.5,0.0,-1.1071487177940904,2.9906452588227155
-0.25261118101285707,-0.5360384827669897,0.5,0.0,-1.1071487177940906,2.996934733604677
-0.2523894124032939,-0.5344818344931634,0.5,0.0,-1.1071487177940906,3.003224208386639
-0.2521774386155362,-0.5329238222089061,0.5,0.0,-1.1071487177940906,3.0095136831686
-0.25197526803470793,-0.5313645075450741,0.5,0.0,-1.1071487177940906,3.0158031579505615
-0.25178290865814407,-0.5298039521840435,0.5,0.0,-1.1071487177940904,3.022092632732523
-0.25160036809507424,-0.5282422178572683,0.5,0.0,-1.1071487177940904,3.028382107514485
-0.2514276535663218,-0.52667936634284,0.5,0.0,-1.1071487177940906,3.034671582296446
-0.2512647719040178,-0.5251154594630422,0.5,0.0,-1.1071487177940904,3.0409610570784076
-0.2511117295513314,-0.5235505590819068,0.5,0.0,-1.1071487177940904,3.047250531860369
-0.2509685325622143,-0.5219847271027654,0.5,0.0,-1.1071487177940906,3.053540006642331
-0.2508351866011618,-0.5204180254658017,0.5,0.0,-1.1071487177940904,3.059829481424293
-0.25071169694298845,-0.5188505161456006,0.5,0.0,-1.1071487177940906,3.0661189562062536
-0.25059806847261934,-0.5172822611486962,0.5,0.0,-1.1071487177940904,3.0724084309882156
-0.2504943056848972,-0.5157133225111207,0.5,0.0,-1.1071487177940904,3.078697905770177
-0.25040041268440427,-0.5141437622959482,0.5,0.0,-1.1071487177940906,3.084987380552139
-0.25031639318529986,-0.5125736425908418,0.5,0.0,-1.1071487177940904,3.0912768553340997
-0.2502422505111739,-0.5110030255055955,0.5,0.0,-1.1071487177940904,3.097566330116062
-0.250177987594915,-0.5094319731696795,0.5,0.0,-1.1071487177940904,3.103855804898023
-0.2501236069785946,-0.5078605477297803,0.5,0.0,-1.1071487177940904,3.110145279679985
-0.25007911081336653,-0.5062888113473442,0.5,0.0,-1.1071487177940904,3.116434754461946
-0.2500445008593817,-0.5047168261961169,0.5,0.0,-1.1071487177940904,3.122724229243908
-0.25001977848571866,-0.5031446544596855,0.5,0.0,-1.1071487177940906,3.129013704025869
-0.2500049446703292,-0.5015723583290171,0.5,0.0,-1.1071487177940904,3.1353031788078307
-0.25,-0.5000000000000001,0.5,0.0,-1.1071487177940904,3.1415926535897927
